first_name,state,division
Janice,CA,Pacific
Wanda,CA,Pacific
Laura,CA,Pacific
Jack,NY,Middle Atlantic
Ryan,DE,South Atlantic
Christine,MI,East North Central
Dennis,NY,Middle Atlantic
Paula,AL,East South Central
Jerry,IL,East North Central
Donald,FL,South Atlantic
Gerald,TX,West South Central
Bonnie,CT,New England
Rose,AK,Pacific
Patrick,ID,Mountain
Linda,CA,Pacific
Brian,FL,South Atlantic
Jonathan,LA,West South Central
Paul,AZ,Mountain
Robin,CA,Pacific
James,UT,Mountain
Robert,WA,Pacific
Joe,IL,East North Central
Michelle,CA,Pacific
Randy,TX,West South Central
Earl,AL,East South Central
Helen,CT,New England
Christina,AZ,Mountain
Scott,IA,West North Central
Gerald,NM,Mountain
Nicole,ND,West North Central
John,NY,Middle Atlantic
Donna,FL,South Atlantic
Michelle,MA,New England
Gary,NV,Mountain
Donald,TX,West South Central
Sharon,OR,Pacific
Margaret,MI,East North Central
Richard,LA,West South Central
Linda,TX,West South Central
Janet,CA,Pacific
Jacqueline,VA,South Atlantic
Barbara,CA,Pacific
Tina,WA,Pacific
Roy,CA,Pacific
David,IN,East North Central
Robert,IL,East North Central
Paul,IA,West North Central
Christina,VT,New England
Carlos,CA,Pacific
Raymond,NJ,Middle Atlantic
Sarah,CA,Pacific
Stephen,TX,West South Central
Anne,LA,West South Central
Teresa,MA,New England
Catherine,NY,Middle Atlantic
Lawrence,FL,South Atlantic
Ann,NE,West North Central
Victor,WA,Pacific
Fred,PA,Middle Atlantic
Jerry,AZ,Mountain
Philip,NY,Middle Atlantic
James,FL,South Atlantic
Lawrence,FL,South Atlantic
Willie,PA,Middle Atlantic
Richard,VA,South Atlantic
Laura,FL,South Atlantic
Keith,MO,West North Central
Doris,FL,South Atlantic
Rose,FL,South Atlantic
Nicole,CA,Pacific
Teresa,CO,Mountain
Rose,KS,West North Central
Brian,CA,Pacific
Philip,NY,Middle Atlantic
Sharon,MI,East North Central
Douglas,TX,West South Central
Dennis,FL,South Atlantic
Roy,MN,West North Central
Billy,CA,Pacific
Louise,AR,West South Central
Jennifer,IA,West North Central
Kevin,CO,Mountain
Carol,KS,West North Central
Kimberly,PA,Middle Atlantic
Matthew,NC,South Atlantic
Annie,FL,South Atlantic
Anthony,VA,South Atlantic
Jack,WI,East North Central
William,VA,South Atlantic
Howard,NY,Middle Atlantic
Angela,TN,East South Central
Shirley,WA,Pacific
Sarah,TX,West South Central
Donna,FL,South Atlantic
Philip,CA,Pacific
Joyce,PA,Middle Atlantic
Jesse,WA,Pacific
Robert,VA,South Atlantic
Kelly,LA,West South Central
James,OH,East North Central
Michael,FL,South Atlantic
Donald,FL,South Atlantic
Willie,GA,South Atlantic
Judith,LA,West South Central
Kathleen,WV,South Atlantic
Tina,PA,Middle Atlantic
Antonio,NY,Middle Atlantic
Nicole,WI,East North Central
Kimberly,FL,South Atlantic
Matthew,NY,Middle Atlantic
Nicole,NY,Middle Atlantic
Jason,FL,South Atlantic
Jerry,CA,Pacific
Nicholas,KY,East South Central
Lillian,TX,West South Central
Albert,CA,Pacific
Roy,TX,West South Central
David,VA,South Atlantic
Ralph,MA,New England
Lori,VA,South Atlantic
Clarence,TX,West South Central
Debra,NM,Mountain
Victor,NY,Middle Atlantic
Jason,NC,South Atlantic
Eugene,CO,Mountain
Johnny,IL,East North Central
Anna,TX,West South Central
Maria,IN,East North Central
Billy,SC,South Atlantic
Jonathan,OR,Pacific
Kevin,NH,New England
Cheryl,HI,Pacific
Ruth,PA,Middle Atlantic
Betty,NY,Middle Atlantic
Robin,NC,South Atlantic
Diana,CA,Pacific
Lawrence,MI,East North Central
Lillian,CT,New England
Stephanie,NV,Mountain
Andrew,CT,New England
Shawn,TX,West South Central
Joyce,CA,Pacific
Sandra,IN,East North Central
Ernest,CA,Pacific
Janet,VA,South Atlantic
Jerry,KS,West North Central
Rachel,GA,South Atlantic
Martin,CT,New England
Gary,NC,South Atlantic
Joan,MN,West North Central
Harold,FL,South Atlantic
Edward,LA,West South Central
Andrew,MI,East North Central
Jennifer,OH,East North Central
Larry,MA,New England
Ronald,CA,Pacific
Karen,FL,South Atlantic
Jacqueline,FL,South Atlantic
Larry,MO,West North Central
Kathryn,WA,Pacific
Phyllis,TX,West South Central
Walter,CA,Pacific
Amy,AZ,Mountain
Jeffrey,CA,Pacific
Joan,AL,East South Central
Matthew,AL,East South Central
Peter,FL,South Atlantic
Jacqueline,FL,South Atlantic
Matthew,MO,West North Central
Keith,CT,New England
Irene,NE,West North Central
Jack,OR,Pacific
Eugene,CO,Mountain
Tammy,SC,South Atlantic
Carlos,TX,West South Central
Anna,NC,South Atlantic
Benjamin,FL,South Atlantic
Lois,MO,West North Central
Carolyn,FL,South Atlantic
Deborah,CA,Pacific
Denise,TX,West South Central
Ryan,TX,West South Central
Clarence,NY,Middle Atlantic
Pamela,OH,East North Central
Jesse,CA,Pacific
Jennifer,AL,East South Central
Jerry,FL,South Atlantic
Kevin,MI,East North Central
Brian,PA,Middle Atlantic
Phillip,NY,Middle Atlantic
Joan,TX,West South Central
William,TX,West South Central
Bruce,FL,South Atlantic
Catherine,OH,East North Central
Raymond,OH,East North Central
Louis,CA,Pacific
Doris,FL,South Atlantic
Marilyn,MI,East North Central
Jose,AR,West South Central
Marilyn,GA,South Atlantic
Martha,FL,South Atlantic
Keith,CA,Pacific
Emily,NY,Middle Atlantic
Louis,HI,Pacific
Gerald,PA,Middle Atlantic
Kevin,LA,West South Central
Arthur,WA,Pacific
Judy,CA,Pacific
Cheryl,OR,Pacific
Stephanie,OK,West South Central
Joan,MD,South Atlantic
Lori,TN,East South Central
Debra,NV,Mountain
Carl,OH,East North Central
Nicole,MD,South Atlantic
Alice,FL,South Atlantic
Terry,KS,West North Central
Ruth,MA,New England
Linda,FL,South Atlantic
Chris,LA,West South Central
Susan,NY,Middle Atlantic
Todd,TX,West South Central
Andrea,WV,South Atlantic
Gregory,AZ,Mountain
Henry,CA,Pacific
Chris,NY,Middle Atlantic
Stephen,TX,West South Central
Doris,TX,West South Central
Wayne,NY,Middle Atlantic
Ashley,TN,East South Central
Randy,CA,Pacific
Susan,CA,Pacific
Katherine,OH,East North Central
Thomas,CA,Pacific
Harry,MD,South Atlantic
Gloria,CA,Pacific
Dennis,SD,West North Central
David,GA,South Atlantic
Melissa,KS,West North Central
Gary,AZ,Mountain
Joan,CA,Pacific
Bonnie,AR,West South Central
Thomas,GA,South Atlantic
Gloria,NY,Middle Atlantic
Brenda,OH,East North Central
Keith,TX,West South Central
Christopher,OK,West South Central
Thomas,CA,Pacific
Terry,NY,Middle Atlantic
Peter,AL,East South Central
Matthew,KY,East South Central
David,NM,Mountain
Donald,MN,West North Central
Teresa,WI,East North Central
Ronald,WA,Pacific
Roy,AL,East South Central
Nancy,TX,West South Central
Willie,TX,West South Central
Daniel,CA,Pacific
Gloria,TX,West South Central
Adam,CO,Mountain
Janice,AL,East South Central
Matthew,CA,Pacific
Christina,NV,Mountain
Emily,OH,East North Central
Lawrence,CT,New England
Annie,CO,Mountain
Norma,CA,Pacific
Larry,NY,Middle Atlantic
Victor,OH,East North Central
Lisa,KY,East South Central
Rose,TX,West South Central
Stephanie,NY,Middle Atlantic
Stephen,AZ,Mountain
Sarah,CA,Pacific
Ruth,MO,West North Central
Christine,KY,East South Central
Carolyn,TX,West South Central
Jeffrey,PA,Middle Atlantic
Todd,OK,West South Central
Patricia,KY,East South Central
Mark,LA,West South Central
Amy,NY,Middle Atlantic
Raymond,MD,South Atlantic
Frances,TX,West South Central
Earl,MO,West North Central
Janet,SC,South Atlantic
Antonio,MN,West North Central
Angela,IL,East North Central
Joyce,TX,West South Central
Robin,FL,South Atlantic
Louis,IL,East North Central
Debra,SC,South Atlantic
Rebecca,IL,East North Central
Stephen,IL,East North Central
Douglas,FL,South Atlantic
Ruth,TX,West South Central
Richard,NC,South Atlantic
Steven,GA,South Atlantic
Roy,PA,Middle Atlantic
Kathy,TN,East South Central
Wayne,SD,West North Central
Jimmy,MS,East South Central
Annie,FL,South Atlantic
Martha,WV,South Atlantic
Jennifer,NM,Mountain
Steve,AL,East South Central
Andrew,PA,Middle Atlantic
Joseph,MD,South Atlantic
Cynthia,TX,West South Central
Kevin,AL,East South Central
George,MT,Mountain
Sandra,CA,Pacific
Linda,KY,East South Central
Mark,FL,South Atlantic
Ashley,WI,East North Central
Patrick,WA,Pacific
Robin,CA,Pacific
Lillian,VA,South Atlantic
Katherine,NY,Middle Atlantic
William,KY,East South Central
Deborah,FL,South Atlantic
Jeremy,TX,West South Central
Debra,WI,East North Central
Helen,OH,East North Central
Henry,FL,South Atlantic
Gerald,CA,Pacific
Amy,OH,East North Central
Joyce,KY,East South Central
Cheryl,MO,West North Central
Bobby,KS,West North Central
Betty,CA,Pacific
Andrew,FL,South Atlantic
Judy,NC,South Atlantic
John,MD,South Atlantic
Anna,TN,East South Central
Harold,TX,West South Central
Shirley,MA,New England
Ryan,CA,Pacific
Mary,TX,West South Central
Walter,GA,South Atlantic
Wanda,NC,South Atlantic
Donald,CO,Mountain
Anna,CO,Mountain
Bobby,CA,Pacific
Jason,FL,South Atlantic
Deborah,TX,West South Central
Carlos,MI,East North Central
Eugene,IL,East North Central
Philip,IA,West North Central
Sean,NC,South Atlantic
Christina,NC,South Atlantic
Ronald,CA,Pacific
Carolyn,NV,Mountain
Justin,WA,Pacific
Jennifer,FL,South Atlantic
Kimberly,ID,Mountain
Walter,NY,Middle Atlantic
Joan,TX,West South Central
Kathy,UT,Mountain
Keith,MI,East North Central
Kathryn,CA,Pacific
Nancy,FL,South Atlantic
Stephen,MO,West North Central
Mildred,CA,Pacific
Philip,CA,Pacific
Edward,TX,West South Central
Phyllis,VA,South Atlantic
Melissa,ID,Mountain
Todd,CA,Pacific
Jason,MA,New England
Emily,TX,West South Central
Christine,NC,South Atlantic
Beverly,TX,West South Central
Julie,NY,Middle Atlantic
Raymond,TX,West South Central
Carl,GA,South Atlantic
Sandra,CA,Pacific
Joshua,TX,West South Central
Angela,FL,South Atlantic
Eric,OH,East North Central
Charles,VA,South Atlantic
Phyllis,MO,West North Central
Frank,TX,West South Central
Paula,FL,South Atlantic
Kathryn,NY,Middle Atlantic
Stephanie,CA,Pacific
Linda,IL,East North Central
Patrick,SC,South Atlantic
Christopher,IL,East North Central
Jesse,MI,East North Central
Bruce,MA,New England
Maria,CA,Pacific
Sara,MA,New England
Shirley,OK,West South Central
Joyce,CA,Pacific
Angela,WI,East North Central
Beverly,KS,West North Central
Jacqueline,OH,East North Central
Ryan,TX,West South Central
Gloria,FL,South Atlantic
Irene,NE,West North Central
Aaron,NM,Mountain
Gerald,GA,South Atlantic
Clarence,NC,South Atlantic
Barbara,AR,West South Central
Earl,VA,South Atlantic
Eric,NC,South Atlantic
Lori,CA,Pacific
Cheryl,OR,Pacific
Thomas,NY,Middle Atlantic
Howard,NC,South Atlantic
Frank,VA,South Atlantic
Anne,FL,South Atlantic
Louis,MN,West North Central
Cynthia,TX,West South Central
Jimmy,CO,Mountain
Jimmy,CA,Pacific
Virginia,VA,South Atlantic
Catherine,PA,Middle Atlantic
Margaret,VA,South Atlantic
Matthew,CA,Pacific
Lois,MI,East North Central
Barbara,TX,West South Central
George,IL,East North Central
Cynthia,NJ,Middle Atlantic
Debra,FL,South Atlantic
Amy,IN,East North Central
Rebecca,NE,West North Central
Christina,FL,South Atlantic
Edward,AZ,Mountain
Martha,VA,South Atlantic
Louise,CT,New England
John,GA,South Atlantic
Gloria,NY,Middle Atlantic
Phillip,TX,West South Central
Gloria,MI,East North Central
Keith,KS,West North Central
Terry,CA,Pacific
Willie,CO,Mountain
Kelly,CA,Pacific
Cheryl,CA,Pacific
Rebecca,CA,Pacific
Denise,CA,Pacific
Catherine,OH,East North Central
Marie,TX,West South Central
Anna,WV,South Atlantic
Russell,TX,West South Central
Rose,CO,Mountain
Samuel,MA,New England
Juan,IN,East North Central
Chris,MN,West North Central
Johnny,IL,East North Central
Walter,PA,Middle Atlantic
Marie,OK,West South Central
Joe,CA,Pacific
Helen,NY,Middle Atlantic
Ashley,MN,West North Central
Kathy,NV,Mountain
Charles,AL,East South Central
Anthony,GA,South Atlantic
Judy,LA,West South Central
Raymond,VA,South Atlantic
Rebecca,MS,East South Central
Emily,NY,Middle Atlantic
Frank,NY,Middle Atlantic
Bonnie,MA,New England
Evelyn,NM,Mountain
Raymond,OH,East North Central
Todd,CA,Pacific
Willie,VA,South Atlantic
Philip,TX,West South Central
Doris,CA,Pacific
Terry,VA,South Atlantic
Brandon,NC,South Atlantic
Lori,UT,Mountain
Louise,CA,Pacific
Michelle,WA,Pacific
Julie,VA,South Atlantic
Catherine,FL,South Atlantic
Ryan,CA,Pacific
Sara,FL,South Atlantic
Charles,KY,East South Central
Matthew,AL,East South Central
Fred,MD,South Atlantic
Philip,CA,Pacific
Irene,CA,Pacific
Ruth,NY,Middle Atlantic
Laura,WV,South Atlantic
Carl,NV,Mountain
Amy,IN,East North Central
Teresa,WA,Pacific
Julia,MI,East North Central
Raymond,FL,South Atlantic
Donna,OH,East North Central
Ernest,CA,Pacific
Anna,MT,Mountain
Patricia,OH,East North Central
Jose,CT,New England
Donna,TX,West South Central
Stephen,MA,New England
Annie,NE,West North Central
Phyllis,MO,West North Central
Jacqueline,PA,Middle Atlantic
Carl,IN,East North Central
Patricia,MS,East South Central
Christine,NY,Middle Atlantic
William,PA,Middle Atlantic
Michael,NJ,Middle Atlantic
Maria,CO,Mountain
Andrew,OK,West South Central
Dennis,CA,Pacific
William,CA,Pacific
Angela,CA,Pacific
Eugene,AL,East South Central
Linda,FL,South Atlantic
Anna,IL,East North Central
Doris,FL,South Atlantic
Justin,FL,South Atlantic
Joan,TN,East South Central
Terry,FL,South Atlantic
Alice,FL,South Atlantic
Walter,OH,East North Central
Debra,TX,West South Central
Brian,PA,Middle Atlantic
Gerald,TX,West South Central
Emily,FL,South Atlantic
Phillip,TX,West South Central
Sarah,KY,East South Central
Jack,NC,South Atlantic
Mary,NY,Middle Atlantic
Jack,CT,New England
Deborah,CA,Pacific
Frank,CA,Pacific
Margaret,CO,Mountain
Michael,GA,South Atlantic
Brandon,TX,West South Central
Judy,FL,South Atlantic
Edward,AL,East South Central
Justin,CA,Pacific
Virginia,NJ,Middle Atlantic
Paula,TX,West South Central
Harry,MN,West North Central
Norma,CA,Pacific
Steven,NY,Middle Atlantic
Jeffrey,FL,South Atlantic
Alan,SC,South Atlantic
Randy,MO,West North Central
Charles,AL,East South Central
Ralph,NY,Middle Atlantic
Anne,VA,South Atlantic
Joe,TN,East South Central
Jeremy,NY,Middle Atlantic
Sandra,FL,South Atlantic
Charles,TX,West South Central
Benjamin,NY,Middle Atlantic
Lisa,NY,Middle Atlantic
Susan,FL,South Atlantic
Victor,IL,East North Central
Carlos,LA,West South Central
Shawn,OH,East North Central
Steven,FL,South Atlantic
Daniel,CA,Pacific
Stephanie,NE,West North Central
Fred,KY,East South Central
Heather,OH,East North Central
Arthur,AL,East South Central
Steve,NV,Mountain
Jane,VA,South Atlantic
Martin,MN,West North Central
Bruce,CA,Pacific
Theresa,CA,Pacific
Keith,CA,Pacific
Michael,CA,Pacific
Kathy,CA,Pacific
Cynthia,MN,West North Central
Bruce,NC,South Atlantic
Diana,CO,Mountain
Craig,AZ,Mountain
Melissa,CO,Mountain
Michelle,AR,West South Central
Charles,CA,Pacific
Shawn,AZ,Mountain
Rose,CT,New England
Wayne,IN,East North Central
Evelyn,OH,East North Central
Walter,NJ,Middle Atlantic
Joyce,CO,Mountain
Jack,MN,West North Central
Lois,KS,West North Central
Earl,MD,South Atlantic
Ernest,KS,West North Central
Jacqueline,OH,East North Central
Benjamin,CA,Pacific
Eugene,MO,West North Central
Katherine,GA,South Atlantic
Sara,NJ,Middle Atlantic
Raymond,CA,Pacific
Wanda,NV,Mountain
Joyce,NY,Middle Atlantic
Earl,FL,South Atlantic
Shirley,MD,South Atlantic
Andrew,TX,West South Central
Ruby,TX,West South Central
Linda,CA,Pacific
Douglas,OK,West South Central
Anthony,OH,East North Central
Irene,CA,Pacific
Michelle,CA,Pacific
Kelly,GA,South Atlantic
Ralph,AL,East South Central
Kathy,TX,West South Central
Eric,NC,South Atlantic
Gerald,MO,West North Central
Alice,TX,West South Central
Dennis,VA,South Atlantic
Kenneth,KY,East South Central
Philip,IN,East North Central
Anna,AL,East South Central
Jacqueline,MN,West North Central
Sara,NC,South Atlantic
Jennifer,TX,West South Central
Maria,MD,South Atlantic
Ruth,OK,West South Central
Frank,LA,West South Central
Brandon,KS,West North Central
Teresa,TX,West South Central
Helen,VA,South Atlantic
Douglas,TX,West South Central
Shawn,TX,West South Central
Kathleen,LA,West South Central
Ann,AL,East South Central
Teresa,FL,South Atlantic
Kenneth,SC,South Atlantic
Shirley,MT,Mountain
Keith,FL,South Atlantic
Ruby,NC,South Atlantic
Jane,IN,East North Central
Carolyn,NE,West North Central
Benjamin,FL,South Atlantic
Harold,AZ,Mountain
Ruth,CA,Pacific
Debra,NC,South Atlantic
Cheryl,AZ,Mountain
Deborah,GA,South Atlantic
Arthur,IN,East North Central
Jose,AZ,Mountain
Ashley,NY,Middle Atlantic
Brenda,AL,East South Central
Janet,HI,Pacific
Susan,VA,South Atlantic
Sean,CA,Pacific
Wayne,FL,South Atlantic
Lillian,LA,West South Central
Jason,AZ,Mountain
Bobby,OH,East North Central
Matthew,CT,New England
Andrea,MD,South Atlantic
Russell,KY,East South Central
Keith,IL,East North Central
Roger,OH,East North Central
Joyce,TX,West South Central
Melissa,OR,Pacific
Brian,WV,South Atlantic
Jimmy,GA,South Atlantic
Eugene,MO,West North Central
Sarah,FL,South Atlantic
Joshua,FL,South Atlantic
Patrick,CA,Pacific
Aaron,PA,Middle Atlantic
Emily,MD,South Atlantic
Thomas,OH,East North Central
Julia,UT,Mountain
Norma,FL,South Atlantic
Daniel,CO,Mountain
Adam,FL,South Atlantic
Russell,VA,South Atlantic
Denise,CO,Mountain
Stephanie,NY,Middle Atlantic
Nicholas,FL,South Atlantic
Nancy,MN,West North Central
Linda,IN,East North Central
Wanda,PA,Middle Atlantic
Annie,TX,West South Central
Brandon,MO,West North Central
Justin,WA,Pacific
Kimberly,MO,West North Central
Edward,CA,Pacific
Jeremy,OR,Pacific
Jennifer,VA,South Atlantic
Anna,TN,East South Central
Jennifer,NC,South Atlantic
Ernest,TX,West South Central
Steve,MA,New England
James,CA,Pacific
Kenneth,CA,Pacific
Helen,CA,Pacific
Ann,IA,West North Central
Denise,TX,West South Central
Rebecca,TX,West South Central
Evelyn,OH,East North Central
Johnny,MI,East North Central
Harold,MA,New England
Michelle,FL,South Atlantic
Adam,GA,South Atlantic
Carl,VA,South Atlantic
Chris,OK,West South Central
Thomas,VA,South Atlantic
Edward,CA,Pacific
Jose,FL,South Atlantic
Stephen,FL,South Atlantic
Rebecca,TX,West South Central
Adam,MO,West North Central
Louis,IN,East North Central
Sharon,OK,West South Central
Gerald,GA,South Atlantic
David,TX,West South Central
Ann,TN,East South Central
Jimmy,FL,South Atlantic
Ruby,NY,Middle Atlantic
Barbara,CA,Pacific
Dennis,VA,South Atlantic
Tammy,CA,Pacific
Julia,TX,West South Central
Rebecca,NY,Middle Atlantic
Mark,PA,Middle Atlantic
Earl,WA,Pacific
Tina,NC,South Atlantic
Maria,OH,East North Central
Betty,CO,Mountain
Steve,CA,Pacific
Ruth,TX,West South Central
Mary,ID,Mountain
Christina,OH,East North Central
Ashley,MD,South Atlantic
Carolyn,IN,East North Central
Clarence,CO,Mountain
Ruby,MN,West North Central
Janice,NJ,Middle Atlantic
Nancy,GA,South Atlantic
Alan,PA,Middle Atlantic
Barbara,CA,Pacific
Christine,KY,East South Central
Debra,FL,South Atlantic
Ruby,CA,Pacific
Gerald,MS,East South Central
Michelle,FL,South Atlantic
Shirley,MN,West North Central
Ashley,CA,Pacific
Christine,WA,Pacific
Donna,OR,Pacific
Juan,TX,West South Central
Wanda,OR,Pacific
Sharon,TX,West South Central
Bruce,VA,South Atlantic
Eugene,FL,South Atlantic
Randy,WA,Pacific
Irene,CA,Pacific
Louise,IN,East North Central
Earl,NE,West North Central
Jacqueline,MO,West North Central
Judy,NC,South Atlantic
Jennifer,FL,South Atlantic
George,MO,West North Central
Judith,NY,Middle Atlantic
Ronald,MO,West North Central
Randy,AZ,Mountain
Earl,TN,East South Central
Michelle,AZ,Mountain
Benjamin,NC,South Atlantic
Craig,ND,West North Central
Nicole,NY,Middle Atlantic
Kenneth,IN,East North Central
Janice,CT,New England
Sean,CA,Pacific
Jeremy,NV,Mountain
Keith,CA,Pacific
Roger,NY,Middle Atlantic
Sean,PA,Middle Atlantic
Shirley,MO,West North Central
Janet,NY,Middle Atlantic
Joyce,IL,East North Central
Ralph,OH,East North Central
Julia,TN,East South Central
Shawn,TX,West South Central
Richard,VA,South Atlantic
Eugene,OH,East North Central
Phillip,FL,South Atlantic
Anne,PA,Middle Atlantic
Pamela,IN,East North Central
Russell,GA,South Atlantic
Patricia,FL,South Atlantic
Randy,MN,West North Central
Tammy,FL,South Atlantic
Frank,WA,Pacific
Jennifer,OH,East North Central
Todd,NY,Middle Atlantic
Julie,FL,South Atlantic
Timothy,CA,Pacific
Randy,NY,Middle Atlantic
Joe,UT,Mountain
Norma,MA,New England
Teresa,CO,Mountain
Ashley,CA,Pacific
Arthur,UT,Mountain
Brian,LA,West South Central
Louise,MN,West North Central
Bobby,TX,West South Central
Martin,TX,West South Central
Gary,NY,Middle Atlantic
Brandon,OH,East North Central
Louis,OK,West South Central
Mark,NY,Middle Atlantic
Daniel,PA,Middle Atlantic
Patrick,CA,Pacific
Billy,CA,Pacific
Emily,WA,Pacific
Heather,FL,South Atlantic
Nancy,PA,Middle Atlantic
Jesse,TX,West South Central
Gloria,MI,East North Central
Eric,IN,East North Central
Margaret,OK,West South Central
Aaron,NY,Middle Atlantic
William,CO,Mountain
Justin,TX,West South Central
Ann,AZ,Mountain
Brandon,FL,South Atlantic
Deborah,MO,West North Central
Marie,PA,Middle Atlantic
Howard,LA,West South Central
Bruce,KS,West North Central
Marilyn,PA,Middle Atlantic
Stephen,NY,Middle Atlantic
Brian,AL,East South Central
Michael,VA,South Atlantic
Rebecca,VA,South Atlantic
Jane,AR,West South Central
Nicole,OR,Pacific
Jessica,NY,Middle Atlantic
Paul,WV,South Atlantic
Ruth,OK,West South Central
Jesse,MO,West North Central
Katherine,TX,West South Central
Catherine,TN,East South Central
Carlos,IN,East North Central
Diane,WV,South Atlantic
Amy,GA,South Atlantic
Thomas,PA,Middle Atlantic
Russell,WI,East North Central
Carolyn,LA,West South Central
Denise,WV,South Atlantic
Eric,TX,West South Central
Amy,VA,South Atlantic
Christina,MA,New England
Steve,AL,East South Central
Martha,IL,East North Central
Timothy,IN,East North Central
Harry,LA,West South Central
Emily,MO,West North Central
Paul,TX,West South Central
Nicholas,PA,Middle Atlantic
Steve,OK,West South Central
Mildred,CA,Pacific
Jason,CA,Pacific
Russell,NY,Middle Atlantic
Douglas,CO,Mountain
Michael,KY,East South Central
Christina,NC,South Atlantic
Ernest,VA,South Atlantic
Walter,CO,Mountain
Ronald,TX,West South Central
Norma,GA,South Atlantic
Melissa,AL,East South Central
Carol,MA,New England
Clarence,IL,East North Central
Christina,GA,South Atlantic
Jimmy,CA,Pacific
Doris,LA,West South Central
Martha,VA,South Atlantic
Andrea,KS,West North Central
Roy,PA,Middle Atlantic
Carlos,CA,Pacific
Timothy,TX,West South Central
Mary,CO,Mountain
Peter,CO,Mountain
Christopher,KS,West North Central
Rose,NC,South Atlantic
Frances,LA,West South Central
Deborah,IN,East North Central
John,KS,West North Central
David,IN,East North Central
Adam,MO,West North Central
Annie,NC,South Atlantic
Bonnie,FL,South Atlantic
Bonnie,NY,Middle Atlantic
Phillip,CA,Pacific
Frances,NV,Mountain
Margaret,CA,Pacific
Irene,MI,East North Central
Charles,IA,West North Central
Martha,WA,Pacific
Carolyn,NY,Middle Atlantic
Adam,TX,West South Central
Wayne,MD,South Atlantic
Gloria,TX,West South Central
Anthony,IN,East North Central
Ann,DE,South Atlantic
Ashley,CA,Pacific
Melissa,MO,West North Central
Lawrence,TX,West South Central
Carl,ID,Mountain
Donna,NY,Middle Atlantic
Donna,CA,Pacific
Brian,FL,South Atlantic
Cheryl,IN,East North Central
Dorothy,CT,New England
Jacqueline,GA,South Atlantic
Edward,SC,South Atlantic
Juan,TX,West South Central
Carol,CA,Pacific
Victor,NY,Middle Atlantic
Christine,TX,West South Central
Denise,MA,New England
Diane,MI,East North Central
Angela,UT,Mountain
Carl,FL,South Atlantic
Daniel,SC,South Atlantic
Mark,GA,South Atlantic
Ashley,OH,East North Central
Alice,FL,South Atlantic
Craig,FL,South Atlantic
Brenda,TN,East South Central
Stephen,FL,South Atlantic
Brandon,MS,East South Central
Jeremy,TX,West South Central
Roy,FL,South Atlantic
Lois,CA,Pacific
Roger,GA,South Atlantic
Jennifer,GA,South Atlantic
James,WI,East North Central
Brenda,KS,West North Central
Christine,FL,South Atlantic
Earl,OR,Pacific
Andrew,MD,South Atlantic
Stephanie,MN,West North Central
Robin,FL,South Atlantic
Frank,TX,West South Central
William,TX,West South Central
Jeffrey,TX,West South Central
Wayne,CO,Mountain
Juan,VA,South Atlantic
Kelly,OH,East North Central
Richard,OH,East North Central
Carlos,CA,Pacific
Brian,MO,West North Central
Laura,WI,East North Central
Alice,AL,East South Central
Anna,CA,Pacific
Stephanie,FL,South Atlantic
Maria,CA,Pacific
Richard,IN,East North Central
Theresa,TX,West South Central
Carol,SC,South Atlantic
Christina,TX,West South Central
Douglas,OH,East North Central
Marilyn,TN,East South Central
Kenneth,SC,South Atlantic
Melissa,SD,West North Central
Kevin,VA,South Atlantic
Dorothy,VA,South Atlantic
Julie,AZ,Mountain
Catherine,TX,West South Central
Andrea,TN,East South Central
Brenda,PA,Middle Atlantic
Randy,MI,East North Central
Ronald,VA,South Atlantic
Judith,MN,West North Central
Randy,NY,Middle Atlantic
Thomas,SC,South Atlantic
Brandon,CA,Pacific
Andrew,IN,East North Central
Jimmy,CA,Pacific
Antonio,AZ,Mountain
Fred,VA,South Atlantic
Elizabeth,TN,East South Central
Donald,CA,Pacific
Peter,SD,West North Central
Jimmy,CO,Mountain
Marilyn,CA,Pacific
Julie,TX,West South Central
Frances,IN,East North Central
Willie,NV,Mountain
Jesse,TX,West South Central
John,TX,West South Central
Rachel,TX,West South Central
Nancy,TX,West South Central
Frances,WI,East North Central
Mary,MI,East North Central
James,TX,West South Central
