1,11,Queso Cabrales,12,14.00
1,42,Singaporean Hokkien Fried Mee,10,9.80
1,72,Mozzarella di Giovanni,5,34.80
2,14,Tofu,9,18.60
2,51,Manjimup Dried Apples,40,42.40
3,41,Jack's New England Clam Chowder,10,7.70
3,51,Manjimup Dried Apples,35,42.40
3,65,Louisiana Fiery Hot Pepper Sauce,15,16.80
4,22,Gustaf's Knäckebröd,6,16.80
4,57,Ravioli Angelo,15,15.60
4,65,Louisiana Fiery Hot Pepper Sauce,20,16.80
5,20,Sir Rodney's Marmalade,40,64.80
5,33,Geitost,25,2.00
5,60,Camembert Pierrot,40,27.20
6,31,Gorgonzola Telino,20,10.00
6,39,Chartreuse verte,42,14.40
6,49,Maxilaku,40,16.00
7,24,Guaraná Fantástica,15,3.60
7,55,Pâté chinois,21,19.20
7,74,Longlife Tofu,21,8.00
8,2,Chang,20,15.20
8,16,Pavlova,35,13.90
8,36,Inlagd Sill,25,15.20
8,59,Raclette Courdavault,30,44.00
9,53,Perth Pasties,15,26.20
9,77,Original Frankfurter grüne Soße,12,10.40
10,27,Schoggi Schokolade,25,35.10
10,39,Chartreuse verte,6,14.40
10,77,Original Frankfurter grüne Soße,15,10.40
11,2,Chang,50,15.20
11,5,Chef Anton's Gumbo Mix,65,17.00
11,32,Mascarpone Fabioli,6,25.60
12,21,Sir Rodney's Scones,10,8.00
12,37,Gravad lax,1,20.80
13,41,Jack's New England Clam Chowder,16,7.70
13,57,Ravioli Angelo,50,15.60
13,62,Tarte au sucre,15,39.40
13,70,Outback Lager,21,12.00
14,21,Sir Rodney's Scones,20,8.00
14,35,Steeleye Stout,20,14.40
15,5,Chef Anton's Gumbo Mix,12,17.00
15,7,Uncle Bob's Organic Dried Pears,15,24.00
15,56,Gnocchi di nonna Alice,2,30.40
16,16,Pavlova,60,13.90
16,24,Guaraná Fantástica,28,3.60
16,30,Nord-Ost Matjeshering,60,20.70
16,74,Longlife Tofu,36,8.00
17,2,Chang,35,15.20
17,41,Jack's New England Clam Chowder,25,7.70
18,17,Alice Mutton,30,31.20
18,70,Outback Lager,20,12.00
19,12,Queso Manchego La Pastora,12,30.40
20,40,Boston Crab Meat,50,14.70
20,59,Raclette Courdavault,70,44.00
20,76,Lakkalikööri,15,14.40
21,29,Thüringer Rostbratwurst,10,99.00
21,72,Mozzarella di Giovanni,4,27.80
22,33,Geitost,60,2.00
22,72,Mozzarella di Giovanni,20,27.80
23,36,Inlagd Sill,30,15.20
23,43,Ipoh Coffee,25,36.80
24,33,Geitost,24,2.00
25,20,Sir Rodney's Marmalade,6,64.80
25,31,Gorgonzola Telino,40,10.00
25,72,Mozzarella di Giovanni,24,27.80
26,10,Ikura,24,24.80
26,31,Gorgonzola Telino,15,10.00
26,33,Geitost,20,2.00
26,40,Boston Crab Meat,60,14.70
26,76,Lakkalikööri,33,14.40
27,71,Flotemysost,20,17.20
27,72,Mozzarella di Giovanni,7,27.80
28,24,Guaraná Fantástica,12,3.60
28,59,Raclette Courdavault,6,44.00
29,10,Ikura,15,24.80
29,13,Konbu,10,4.80
30,28,Rössle Sauerkraut,20,36.40
30,62,Tarte au sucre,12,39.40
31,44,Gula Malacca,16,15.50
31,59,Raclette Courdavault,15,44.00
31,63,Vegie-spread,8,35.10
31,73,Röd Kaviar,25,12.00
32,17,Alice Mutton,15,31.20
33,24,Guaraná Fantástica,12,3.60
33,55,Pâté chinois,20,19.20
33,75,Rhönbräu Klosterbier,30,6.20
34,19,Teatime Chocolate Biscuits,1,7.30
34,24,Guaraná Fantástica,6,3.60
34,35,Steeleye Stout,4,14.40
35,30,Nord-Ost Matjeshering,6,20.70
35,57,Ravioli Angelo,2,15.60
36,15,Genen Shouyu,20,12.40
36,19,Teatime Chocolate Biscuits,18,7.30
36,60,Camembert Pierrot,35,27.20
36,72,Mozzarella di Giovanni,3,27.80
37,27,Schoggi Schokolade,15,35.10
37,44,Gula Malacca,21,15.50
37,60,Camembert Pierrot,20,27.20
37,67,Laughing Lumberjack Lager,5,11.20
38,1,Chai,45,14.40
38,40,Boston Crab Meat,40,14.70
38,53,Perth Pasties,36,26.20
39,35,Steeleye Stout,100,14.40
39,62,Tarte au sucre,40,39.40
40,16,Pavlova,40,13.90
40,34,Sasquatch Ale,20,11.20
40,46,Spegesild,15,9.60
41,54,Tourtière,10,5.90
41,68,Scottish Longbreads,3,10.00
42,3,Aniseed Syrup,30,8.00
42,64,Wimmers gute Semmelknödel,9,26.60
43,5,Chef Anton's Gumbo Mix,20,17.00
43,29,Thüringer Rostbratwurst,15,99.00
43,49,Maxilaku,15,16.00
43,77,Original Frankfurter grüne Soße,10,10.40
44,13,Konbu,20,4.80
44,44,Gula Malacca,24,15.50
44,51,Manjimup Dried Apples,2,42.40
45,20,Sir Rodney's Marmalade,20,64.80
46,18,Carnarvon Tigers,12,50.00
46,24,Guaraná Fantástica,10,3.60
46,63,Vegie-spread,5,35.10
46,75,Rhönbräu Klosterbier,6,6.20
47,1,Chai,18,14.40
47,17,Alice Mutton,15,31.20
47,43,Ipoh Coffee,15,36.80
47,60,Camembert Pierrot,21,27.20
47,75,Rhönbräu Klosterbier,6,6.20
48,56,Gnocchi di nonna Alice,4,30.40
49,11,Queso Cabrales,12,16.80
49,16,Pavlova,30,13.90
49,69,Gudbrandsdalsost,15,28.80
50,39,Chartreuse verte,60,14.40
50,72,Mozzarella di Giovanni,20,27.80
51,2,Chang,40,15.20
51,36,Inlagd Sill,40,15.20
51,59,Raclette Courdavault,30,44.00
51,62,Tarte au sucre,15,39.40
52,19,Teatime Chocolate Biscuits,15,7.30
52,70,Outback Lager,20,12.00
53,66,Louisiana Hot Spiced Okra,30,13.60
53,68,Scottish Longbreads,20,10.00
54,40,Boston Crab Meat,10,14.70
54,56,Gnocchi di nonna Alice,20,30.40
55,17,Alice Mutton,40,31.20
55,28,Rössle Sauerkraut,28,36.40
55,43,Ipoh Coffee,12,36.80
56,40,Boston Crab Meat,40,14.70
56,65,Louisiana Fiery Hot Pepper Sauce,30,16.80
56,68,Scottish Longbreads,15,10.00
57,49,Maxilaku,30,16.00
57,59,Raclette Courdavault,10,44.00
57,71,Flotemysost,2,17.20
58,18,Carnarvon Tigers,25,50.00
58,29,Thüringer Rostbratwurst,25,99.00
58,39,Chartreuse verte,30,14.40
59,30,Nord-Ost Matjeshering,10,20.70
59,53,Perth Pasties,10,26.20
59,54,Tourtière,5,5.90
60,62,Tarte au sucre,10,39.40
60,68,Scottish Longbreads,3,10.00
61,69,Gudbrandsdalsost,1,28.80
61,70,Outback Lager,5,12.00
62,4,Chef Anton's Cajun Seasoning,20,17.60
62,6,Grandma's Boysenberry Spread,30,20.00
62,42,Singaporean Hokkien Fried Mee,2,11.20
62,43,Ipoh Coffee,20,36.80
62,71,Flotemysost,3,17.20
63,16,Pavlova,10,13.90
63,62,Tarte au sucre,5,39.40
64,42,Singaporean Hokkien Fried Mee,6,11.20
64,69,Gudbrandsdalsost,7,28.80
65,28,Rössle Sauerkraut,4,36.40
65,43,Ipoh Coffee,24,36.80
65,53,Perth Pasties,20,26.20
65,75,Rhönbräu Klosterbier,10,6.20
66,36,Inlagd Sill,12,15.20
67,32,Mascarpone Fabioli,40,25.60
67,58,Escargots de Bourgogne,30,10.60
67,62,Tarte au sucre,25,39.40
68,34,Sasquatch Ale,14,11.20
68,70,Outback Lager,30,12.00
69,41,Jack's New England Clam Chowder,10,7.70
69,62,Tarte au sucre,70,39.40
70,1,Chai,20,14.40
71,41,Jack's New England Clam Chowder,20,7.70
71,76,Lakkalikööri,6,14.40
72,17,Alice Mutton,8,31.20
72,28,Rössle Sauerkraut,14,36.40
72,76,Lakkalikööri,30,14.40
73,71,Flotemysost,30,17.20
74,35,Steeleye Stout,10,14.40
75,52,Filo Mix,20,5.60
76,15,Genen Shouyu,5,12.40
76,25,NuNuCa Nuß-Nougat-Creme,4,11.20
76,39,Chartreuse verte,4,14.40
77,16,Pavlova,21,13.90
77,35,Steeleye Stout,70,14.40
77,46,Spegesild,30,9.60
77,59,Raclette Courdavault,40,44.00
77,63,Vegie-spread,80,35.10
78,6,Grandma's Boysenberry Spread,6,20.00
78,13,Konbu,12,4.80
78,14,Tofu,9,18.60
78,31,Gorgonzola Telino,4,10.00
78,72,Mozzarella di Giovanni,40,27.80
79,4,Chef Anton's Cajun Seasoning,24,17.60
79,57,Ravioli Angelo,16,15.60
79,75,Rhönbräu Klosterbier,50,6.20
80,2,Chang,25,15.20
80,11,Queso Cabrales,50,16.80
80,30,Nord-Ost Matjeshering,35,20.70
80,58,Escargots de Bourgogne,30,10.60
81,59,Raclette Courdavault,9,44.00
81,65,Louisiana Fiery Hot Pepper Sauce,40,16.80
81,68,Scottish Longbreads,10,10.00
82,19,Teatime Chocolate Biscuits,10,7.30
82,30,Nord-Ost Matjeshering,8,20.70
82,38,Côte de Blaye,20,210.80
82,56,Gnocchi di nonna Alice,12,30.40
83,26,Gumbär Gummibärchen,50,24.90
83,72,Mozzarella di Giovanni,25,27.80
84,54,Tourtière,15,5.90
85,18,Carnarvon Tigers,40,50.00
85,42,Singaporean Hokkien Fried Mee,10,11.20
85,47,Zaanse koeken,16,7.60
86,14,Tofu,10,18.60
86,21,Sir Rodney's Scones,10,8.00
86,71,Flotemysost,40,17.20
87,52,Filo Mix,8,5.60
87,68,Scottish Longbreads,10,10.00
88,2,Chang,7,15.20
88,31,Gorgonzola Telino,25,10.00
88,32,Mascarpone Fabioli,6,25.60
88,51,Manjimup Dried Apples,48,42.40
89,4,Chef Anton's Cajun Seasoning,18,17.60
90,23,Tunnbröd,40,7.20
90,26,Gumbär Gummibärchen,24,24.90
90,36,Inlagd Sill,20,15.20
90,37,Gravad lax,28,20.80
90,72,Mozzarella di Giovanni,25,27.80
91,17,Alice Mutton,20,31.20
91,30,Nord-Ost Matjeshering,15,20.70
92,4,Chef Anton's Cajun Seasoning,10,17.60
92,17,Alice Mutton,70,31.20
92,62,Tarte au sucre,28,39.40
93,18,Carnarvon Tigers,20,50.00
93,41,Jack's New England Clam Chowder,12,7.70
93,43,Ipoh Coffee,40,36.80
94,33,Geitost,8,2.00
94,59,Raclette Courdavault,9,44.00
95,2,Chang,24,15.20
95,31,Gorgonzola Telino,56,10.00
95,36,Inlagd Sill,40,15.20
95,55,Pâté chinois,40,19.20
96,64,Wimmers gute Semmelknödel,50,26.60
96,68,Scottish Longbreads,4,10.00
96,76,Lakkalikööri,15,14.40
97,4,Chef Anton's Cajun Seasoning,35,17.60
97,8,Northwoods Cranberry Sauce,70,32.00
98,8,Northwoods Cranberry Sauce,70,32.00
98,19,Teatime Chocolate Biscuits,80,7.30
98,42,Singaporean Hokkien Fried Mee,9,11.20
99,17,Alice Mutton,36,31.20
99,56,Gnocchi di nonna Alice,20,30.40
100,25,NuNuCa Nuß-Nougat-Creme,10,11.20
100,39,Chartreuse verte,50,14.40
100,40,Boston Crab Meat,4,14.70
100,75,Rhönbräu Klosterbier,6,6.20
101,1,Chai,15,14.40
101,23,Tunnbröd,25,7.20
102,54,Tourtière,24,5.90
103,50,Valkoinen suklaa,15,13.00
103,69,Gudbrandsdalsost,18,28.80
104,38,Côte de Blaye,20,210.80
104,41,Jack's New England Clam Chowder,13,7.70
104,44,Gula Malacca,77,15.50
104,65,Louisiana Fiery Hot Pepper Sauce,10,16.80
105,24,Guaraná Fantástica,10,3.60
105,54,Tourtière,20,5.90
106,11,Queso Cabrales,12,16.80
106,38,Côte de Blaye,50,210.80
107,1,Chai,12,14.40
107,29,Thüringer Rostbratwurst,4,99.00
108,24,Guaraná Fantástica,25,3.60
108,57,Ravioli Angelo,25,15.60
109,31,Gorgonzola Telino,30,10.00
109,55,Pâté chinois,12,19.20
109,69,Gudbrandsdalsost,20,28.80
110,10,Ikura,30,24.80
110,26,Gumbär Gummibärchen,16,24.90
110,60,Camembert Pierrot,8,27.20
111,24,Guaraná Fantástica,10,3.60
111,34,Sasquatch Ale,10,11.20
111,36,Inlagd Sill,20,15.20
112,16,Pavlova,56,13.90
112,31,Gorgonzola Telino,70,10.00
112,60,Camembert Pierrot,80,27.20
113,28,Rössle Sauerkraut,30,36.40
113,29,Thüringer Rostbratwurst,35,99.00
113,38,Côte de Blaye,10,210.80
113,49,Maxilaku,35,16.00
113,54,Tourtière,28,5.90
114,39,Chartreuse verte,54,14.40
114,60,Camembert Pierrot,55,27.20
115,25,NuNuCa Nuß-Nougat-Creme,50,11.20
115,51,Manjimup Dried Apples,20,42.40
115,54,Tourtière,24,5.90
116,31,Gorgonzola Telino,20,10.00
116,75,Rhönbräu Klosterbier,12,6.20
116,76,Lakkalikööri,12,14.40
117,69,Gudbrandsdalsost,30,28.80
117,71,Flotemysost,5,17.20
118,11,Queso Cabrales,24,16.80
119,65,Louisiana Fiery Hot Pepper Sauce,5,16.80
119,77,Original Frankfurter grüne Soße,5,10.40
120,34,Sasquatch Ale,36,11.20
120,54,Tourtière,18,5.90
120,65,Louisiana Fiery Hot Pepper Sauce,15,16.80
120,77,Original Frankfurter grüne Soße,7,10.40
121,21,Sir Rodney's Scones,5,8.00
121,28,Rössle Sauerkraut,13,36.40
121,57,Ravioli Angelo,25,15.60
121,64,Wimmers gute Semmelknödel,35,26.60
122,29,Thüringer Rostbratwurst,20,99.00
122,56,Gnocchi di nonna Alice,18,30.40
123,1,Chai,15,14.40
123,64,Wimmers gute Semmelknödel,30,26.60
123,74,Longlife Tofu,20,8.00
124,36,Inlagd Sill,6,15.20
125,20,Sir Rodney's Marmalade,12,64.80
125,38,Côte de Blaye,40,210.80
125,60,Camembert Pierrot,70,27.20
125,72,Mozzarella di Giovanni,42,27.80
126,58,Escargots de Bourgogne,80,10.60
126,71,Flotemysost,50,17.20
127,31,Gorgonzola Telino,30,10.00
127,58,Escargots de Bourgogne,15,10.60
128,14,Tofu,15,18.60
128,54,Tourtière,10,5.90
129,31,Gorgonzola Telino,42,10.00
130,28,Rössle Sauerkraut,20,36.40
130,39,Chartreuse verte,20,14.40
131,71,Flotemysost,6,17.20
132,41,Jack's New England Clam Chowder,8,7.70
132,63,Vegie-spread,16,35.10
132,65,Louisiana Fiery Hot Pepper Sauce,20,16.80
133,30,Nord-Ost Matjeshering,18,20.70
133,53,Perth Pasties,20,26.20
133,60,Camembert Pierrot,6,27.20
133,70,Outback Lager,30,12.00
134,74,Longlife Tofu,14,8.00
135,5,Chef Anton's Gumbo Mix,32,17.00
135,18,Carnarvon Tigers,9,50.00
135,29,Thüringer Rostbratwurst,14,99.00
135,33,Geitost,60,2.00
135,74,Longlife Tofu,50,8.00
136,13,Konbu,20,4.80
136,50,Valkoinen suklaa,15,13.00
136,56,Gnocchi di nonna Alice,20,30.40
137,20,Sir Rodney's Marmalade,28,64.80
137,60,Camembert Pierrot,15,27.20
138,7,Uncle Bob's Organic Dried Pears,10,24.00
138,60,Camembert Pierrot,20,27.20
138,68,Scottish Longbreads,8,10.00
139,24,Guaraná Fantástica,15,3.60
139,34,Sasquatch Ale,10,11.20
140,24,Guaraná Fantástica,15,3.60
140,28,Rössle Sauerkraut,6,36.40
140,59,Raclette Courdavault,12,44.00
140,71,Flotemysost,15,17.20
141,45,Rogede sild,15,7.60
141,52,Filo Mix,20,5.60
141,53,Perth Pasties,40,26.20
142,10,Ikura,16,24.80
142,55,Pâté chinois,15,19.20
142,62,Tarte au sucre,20,39.40
142,70,Outback Lager,30,12.00
143,31,Gorgonzola Telino,60,10.00
143,35,Steeleye Stout,40,14.40
143,46,Spegesild,45,9.60
143,72,Mozzarella di Giovanni,24,27.80
144,13,Konbu,18,4.80
145,69,Gudbrandsdalsost,50,28.80
146,2,Chang,25,15.20
146,14,Tofu,42,18.60
146,25,NuNuCa Nuß-Nougat-Creme,7,11.20
146,26,Gumbär Gummibärchen,70,24.90
146,31,Gorgonzola Telino,32,10.00
147,13,Konbu,10,4.80
147,62,Tarte au sucre,10,39.40
148,46,Spegesild,28,9.60
148,53,Perth Pasties,70,26.20
148,69,Gudbrandsdalsost,8,28.80
149,23,Tunnbröd,40,7.20
149,71,Flotemysost,60,17.20
149,72,Mozzarella di Giovanni,21,27.80
150,21,Sir Rodney's Scones,10,8.00
150,51,Manjimup Dried Apples,18,42.40
151,35,Steeleye Stout,30,14.40
151,55,Pâté chinois,120,19.20
152,68,Scottish Longbreads,60,10.00
152,71,Flotemysost,30,17.20
152,76,Lakkalikööri,35,14.40
152,77,Original Frankfurter grüne Soße,14,10.40
153,29,Thüringer Rostbratwurst,21,99.00
153,35,Steeleye Stout,35,14.40
153,49,Maxilaku,30,16.00
154,30,Nord-Ost Matjeshering,18,20.70
154,56,Gnocchi di nonna Alice,70,30.40
154,65,Louisiana Fiery Hot Pepper Sauce,20,16.80
154,71,Flotemysost,60,17.20
155,23,Tunnbröd,60,7.20
155,63,Vegie-spread,65,35.10
156,16,Pavlova,21,13.90
156,48,Chocolade,70,10.20
157,26,Gumbär Gummibärchen,30,24.90
157,42,Singaporean Hokkien Fried Mee,40,11.20
157,49,Maxilaku,30,16.00
158,3,Aniseed Syrup,50,8.00
159,1,Chai,10,14.40
159,21,Sir Rodney's Scones,30,8.00
159,28,Rössle Sauerkraut,42,36.40
159,36,Inlagd Sill,5,15.20
159,40,Boston Crab Meat,2,14.70
160,11,Queso Cabrales,30,16.80
160,69,Gudbrandsdalsost,15,28.80
160,71,Flotemysost,15,17.20
161,37,Gravad lax,10,20.80
161,54,Tourtière,6,5.90
161,62,Tarte au sucre,35,39.40
162,14,Tofu,12,18.60
162,21,Sir Rodney's Scones,12,8.00
163,33,Geitost,49,2.00
163,59,Raclette Courdavault,16,44.00
164,41,Jack's New England Clam Chowder,25,7.70
164,44,Gula Malacca,40,15.50
164,59,Raclette Courdavault,9,44.00
165,14,Tofu,20,18.60
166,1,Chai,24,14.40
166,62,Tarte au sucre,40,39.40
166,76,Lakkalikööri,14,14.40
167,19,Teatime Chocolate Biscuits,18,7.30
167,33,Geitost,50,2.00
168,17,Alice Mutton,2,31.20
168,33,Geitost,20,2.00
169,19,Teatime Chocolate Biscuits,20,7.30
169,53,Perth Pasties,10,26.20
169,57,Ravioli Angelo,20,15.60
170,38,Côte de Blaye,50,210.80
170,46,Spegesild,2,9.60
170,68,Scottish Longbreads,36,10.00
170,77,Original Frankfurter grüne Soße,35,10.40
171,2,Chang,60,15.20
171,47,Zaanse koeken,55,7.60
171,61,Sirop d'érable,16,22.80
171,74,Longlife Tofu,15,8.00
172,60,Camembert Pierrot,60,27.20
172,69,Gudbrandsdalsost,20,28.80
173,9,Mishi Kobe Niku,20,77.60
173,13,Konbu,2,4.80
173,70,Outback Lager,8,12.00
173,73,Röd Kaviar,20,12.00
174,19,Teatime Chocolate Biscuits,4,7.30
174,26,Gumbär Gummibärchen,30,24.90
174,53,Perth Pasties,15,26.20
174,77,Original Frankfurter grüne Soße,10,10.40
175,26,Gumbär Gummibärchen,2,24.90
176,31,Gorgonzola Telino,14,10.00
176,59,Raclette Courdavault,20,44.00
177,35,Steeleye Stout,60,14.40
177,38,Côte de Blaye,49,210.80
177,68,Scottish Longbreads,30,10.00
178,55,Pâté chinois,10,19.20
178,76,Lakkalikööri,20,14.40
179,56,Gnocchi di nonna Alice,5,30.40
179,64,Wimmers gute Semmelknödel,7,26.60
180,14,Tofu,35,18.60
181,46,Spegesild,20,9.60
182,50,Valkoinen suklaa,40,13.00
182,63,Vegie-spread,35,35.10
183,17,Alice Mutton,45,31.20
183,21,Sir Rodney's Scones,50,8.00
183,56,Gnocchi di nonna Alice,30,30.40
183,59,Raclette Courdavault,70,44.00
184,17,Alice Mutton,50,31.20
184,40,Boston Crab Meat,50,14.70
184,47,Zaanse koeken,30,7.60
185,26,Gumbär Gummibärchen,10,24.90
185,54,Tourtière,40,5.90
186,56,Gnocchi di nonna Alice,28,30.40
187,11,Queso Cabrales,6,16.80
187,76,Lakkalikööri,18,14.40
188,2,Chang,10,15.20
188,22,Gustaf's Knäckebröd,12,16.80
188,72,Mozzarella di Giovanni,10,27.80
189,46,Spegesild,5,9.60
189,56,Gnocchi di nonna Alice,40,30.40
189,64,Wimmers gute Semmelknödel,30,26.60
189,75,Rhönbräu Klosterbier,24,6.20
190,53,Perth Pasties,15,26.20
191,19,Teatime Chocolate Biscuits,15,7.30
191,34,Sasquatch Ale,20,11.20
191,57,Ravioli Angelo,15,15.60
192,12,Queso Manchego La Pastora,15,30.40
192,16,Pavlova,16,13.90
192,64,Wimmers gute Semmelknödel,6,26.60
192,74,Longlife Tofu,30,8.00
193,2,Chang,45,15.20
193,16,Pavlova,49,13.90
193,29,Thüringer Rostbratwurst,24,99.00
193,61,Sirop d'érable,90,22.80
194,27,Schoggi Schokolade,50,35.10
195,11,Queso Cabrales,30,16.80
195,54,Tourtière,80,5.90
195,66,Louisiana Hot Spiced Okra,60,13.60
196,11,Queso Cabrales,6,16.80
196,28,Rössle Sauerkraut,12,36.40
197,17,Alice Mutton,10,31.20
197,26,Gumbär Gummibärchen,15,24.90
197,35,Steeleye Stout,8,14.40
197,41,Jack's New England Clam Chowder,30,7.70
198,39,Chartreuse verte,6,14.40
198,54,Tourtière,15,5.90
199,19,Teatime Chocolate Biscuits,12,7.30
199,24,Guaraná Fantástica,20,3.60
199,31,Gorgonzola Telino,3,10.00
199,52,Filo Mix,15,5.60
200,19,Teatime Chocolate Biscuits,40,7.30
200,65,Louisiana Fiery Hot Pepper Sauce,35,16.80
200,71,Flotemysost,2,17.20
201,26,Gumbär Gummibärchen,6,24.90
201,40,Boston Crab Meat,20,14.70
202,10,Ikura,14,24.80
202,52,Filo Mix,20,5.60
202,62,Tarte au sucre,35,39.40
203,10,Ikura,20,24.80
203,54,Tourtière,6,5.90
204,55,Pâté chinois,120,19.20
204,64,Wimmers gute Semmelknödel,35,26.60
204,65,Louisiana Fiery Hot Pepper Sauce,28,16.80
204,77,Original Frankfurter grüne Soße,55,10.40
205,28,Rössle Sauerkraut,15,36.40
205,44,Gula Malacca,100,15.50
206,48,Chocolade,15,10.20
206,70,Outback Lager,25,12.00
207,16,Pavlova,20,13.90
207,33,Geitost,20,2.00
207,46,Spegesild,10,9.60
208,39,Chartreuse verte,20,14.40
208,53,Perth Pasties,50,26.20
208,61,Sirop d'érable,25,22.80
208,71,Flotemysost,30,17.20
209,21,Sir Rodney's Scones,40,8.00
209,49,Maxilaku,21,16.00
210,59,Raclette Courdavault,36,44.00
211,26,Gumbär Gummibärchen,30,24.90
211,28,Rössle Sauerkraut,30,36.40
211,43,Ipoh Coffee,20,36.80
211,56,Gnocchi di nonna Alice,15,30.40
211,71,Flotemysost,50,17.20
212,7,Uncle Bob's Organic Dried Pears,16,24.00
212,46,Spegesild,20,9.60
212,72,Mozzarella di Giovanni,40,27.80
213,68,Scottish Longbreads,21,10.00
213,75,Rhönbräu Klosterbier,4,6.20
214,21,Sir Rodney's Scones,40,8.00
214,30,Nord-Ost Matjeshering,28,20.70
214,55,Pâté chinois,60,19.20
215,13,Konbu,1,4.80
215,23,Tunnbröd,21,7.20
216,19,Teatime Chocolate Biscuits,21,7.30
216,42,Singaporean Hokkien Fried Mee,50,11.20
217,4,Chef Anton's Cajun Seasoning,16,17.60
217,43,Ipoh Coffee,3,36.80
217,56,Gnocchi di nonna Alice,30,30.40
217,60,Camembert Pierrot,20,27.20
218,24,Guaraná Fantástica,25,3.60
218,29,Thüringer Rostbratwurst,18,99.00
218,40,Boston Crab Meat,20,14.70
218,45,Rogede sild,30,7.60
218,50,Valkoinen suklaa,25,13.00
219,11,Queso Cabrales,10,16.80
219,46,Spegesild,5,9.60
220,24,Guaraná Fantástica,28,3.60
220,25,NuNuCa Nuß-Nougat-Creme,12,11.20
221,30,Nord-Ost Matjeshering,8,20.70
221,43,Ipoh Coffee,15,36.80
222,2,Chang,40,15.20
222,16,Pavlova,35,13.90
222,44,Gula Malacca,2,15.50
223,18,Carnarvon Tigers,30,50.00
223,23,Tunnbröd,15,7.20
223,64,Wimmers gute Semmelknödel,8,26.60
224,7,Uncle Bob's Organic Dried Pears,30,24.00
224,56,Gnocchi di nonna Alice,20,30.40
225,24,Guaraná Fantástica,80,3.60
225,51,Manjimup Dried Apples,18,42.40
226,33,Geitost,12,2.00
226,71,Flotemysost,12,17.20
227,14,Tofu,12,18.60
227,28,Rössle Sauerkraut,18,36.40
227,40,Boston Crab Meat,21,14.70
227,75,Rhönbräu Klosterbier,10,6.20
228,31,Gorgonzola Telino,35,10.00
228,66,Louisiana Hot Spiced Okra,60,13.60
228,76,Lakkalikööri,42,14.40
229,55,Pâté chinois,2,19.20
229,70,Outback Lager,12,12.00
230,1,Chai,15,14.40
230,21,Sir Rodney's Scones,21,8.00
230,39,Chartreuse verte,20,14.40
231,10,Ikura,20,24.80
232,38,Côte de Blaye,30,210.80
232,53,Perth Pasties,28,26.20
232,59,Raclette Courdavault,60,44.00
232,64,Wimmers gute Semmelknödel,30,26.60
233,47,Zaanse koeken,30,7.60
233,59,Raclette Courdavault,12,44.00
234,49,Maxilaku,24,16.00
234,60,Camembert Pierrot,40,27.20
235,40,Boston Crab Meat,10,14.70
236,34,Sasquatch Ale,35,11.20
236,77,Original Frankfurter grüne Soße,30,10.40
237,21,Sir Rodney's Scones,14,8.00
237,40,Boston Crab Meat,10,14.70
237,51,Manjimup Dried Apples,3,42.40
238,2,Chang,20,15.20
238,3,Aniseed Syrup,20,8.00
238,55,Pâté chinois,30,19.20
238,70,Outback Lager,60,12.00
239,11,Queso Cabrales,5,16.80
239,51,Manjimup Dried Apples,25,42.40
239,74,Longlife Tofu,16,8.00
240,19,Teatime Chocolate Biscuits,5,7.30
240,26,Gumbär Gummibärchen,30,24.90
240,54,Tourtière,24,5.90
241,59,Raclette Courdavault,30,44.00
241,73,Röd Kaviar,20,12.00
242,11,Queso Cabrales,15,16.80
242,16,Pavlova,18,13.90
243,59,Raclette Courdavault,60,44.00
243,68,Scottish Longbreads,30,10.00
243,75,Rhönbräu Klosterbier,36,6.20
244,44,Gula Malacca,15,15.50
244,77,Original Frankfurter grüne Soße,7,10.40
245,25,NuNuCa Nuß-Nougat-Creme,60,11.20
245,42,Singaporean Hokkien Fried Mee,20,11.20
246,65,Louisiana Fiery Hot Pepper Sauce,15,16.80
246,66,Louisiana Hot Spiced Okra,10,13.60
246,69,Gudbrandsdalsost,10,28.80
247,56,Gnocchi di nonna Alice,30,30.40
248,23,Tunnbröd,10,7.20
248,41,Jack's New England Clam Chowder,20,7.70
248,77,Original Frankfurter grüne Soße,5,10.40
249,31,Gorgonzola Telino,20,10.00
250,56,Gnocchi di nonna Alice,14,30.40
250,72,Mozzarella di Giovanni,25,27.80
250,77,Original Frankfurter grüne Soße,25,10.40
251,24,Guaraná Fantástica,14,4.50
251,40,Boston Crab Meat,5,18.40
251,42,Singaporean Hokkien Fried Mee,30,14.00
252,28,Rössle Sauerkraut,20,45.60
252,49,Maxilaku,25,20.00
253,15,Genen Shouyu,12,15.50
253,28,Rössle Sauerkraut,8,45.60
254,54,Tourtière,20,7.45
255,45,Rogede sild,21,9.50
255,53,Perth Pasties,6,32.80
255,67,Laughing Lumberjack Lager,30,14.00
256,14,Tofu,70,23.25
256,65,Louisiana Fiery Hot Pepper Sauce,20,21.05
257,2,Chang,12,19.00
257,21,Sir Rodney's Scones,12,10.00
257,53,Perth Pasties,10,32.80
257,61,Sirop d'érable,25,28.50
258,62,Tarte au sucre,3,49.30
259,25,NuNuCa Nuß-Nougat-Creme,18,14.00
259,70,Outback Lager,14,15.00
260,43,Ipoh Coffee,15,46.00
260,48,Chocolade,15,12.75
261,13,Konbu,10,6.00
261,39,Chartreuse verte,10,18.00
262,28,Rössle Sauerkraut,3,45.60
263,29,Thüringer Rostbratwurst,36,123.79
263,75,Rhönbräu Klosterbier,36,7.75
264,4,Chef Anton's Cajun Seasoning,50,22.00
264,7,Uncle Bob's Organic Dried Pears,50,30.00
264,8,Northwoods Cranberry Sauce,10,40.00
265,24,Guaraná Fantástica,10,4.50
265,46,Spegesild,9,12.00
265,47,Zaanse koeken,6,9.50
265,60,Camembert Pierrot,12,34.00
266,21,Sir Rodney's Scones,40,10.00
266,32,Mascarpone Fabioli,50,32.00
266,61,Sirop d'érable,15,28.50
267,20,Sir Rodney's Marmalade,39,81.00
267,28,Rössle Sauerkraut,35,45.60
267,56,Gnocchi di nonna Alice,70,38.00
267,65,Louisiana Fiery Hot Pepper Sauce,39,21.05
267,75,Rhönbräu Klosterbier,50,7.75
268,9,Mishi Kobe Niku,16,97.00
268,16,Pavlova,50,17.45
268,27,Schoggi Schokolade,120,43.90
268,33,Geitost,16,2.50
268,60,Camembert Pierrot,84,34.00
269,18,Carnarvon Tigers,25,62.50
269,41,Jack's New England Clam Chowder,80,9.65
269,42,Singaporean Hokkien Fried Mee,20,14.00
270,52,Filo Mix,6,7.00
270,59,Raclette Courdavault,4,55.00
270,70,Outback Lager,6,15.00
271,24,Guaraná Fantástica,5,4.50
271,38,Côte de Blaye,15,263.50
271,44,Gula Malacca,9,19.45
272,10,Ikura,16,31.00
272,56,Gnocchi di nonna Alice,40,38.00
272,60,Camembert Pierrot,10,34.00
273,24,Guaraná Fantástica,8,4.50
273,53,Perth Pasties,5,32.80
274,35,Steeleye Stout,3,18.00
274,41,Jack's New England Clam Chowder,10,9.65
274,68,Scottish Longbreads,6,12.50
275,1,Chai,40,18.00
275,8,Northwoods Cranberry Sauce,24,40.00
275,30,Nord-Ost Matjeshering,20,25.89
275,40,Boston Crab Meat,25,18.40
276,17,Alice Mutton,25,39.00
276,20,Sir Rodney's Marmalade,15,81.00
276,37,Gravad lax,18,26.00
276,41,Jack's New England Clam Chowder,6,9.65
277,10,Ikura,2,31.00
277,30,Nord-Ost Matjeshering,10,25.89
277,43,Ipoh Coffee,60,46.00
277,54,Tourtière,15,7.45
278,36,Inlagd Sill,30,19.00
278,40,Boston Crab Meat,15,18.40
279,1,Chai,8,18.00
279,13,Konbu,10,6.00
279,56,Gnocchi di nonna Alice,30,38.00
280,4,Chef Anton's Cajun Seasoning,50,22.00
280,36,Inlagd Sill,30,19.00
281,11,Queso Cabrales,3,21.00
281,33,Geitost,8,2.50
281,72,Mozzarella di Giovanni,9,34.80
282,55,Pâté chinois,14,24.00
282,68,Scottish Longbreads,20,12.50
282,69,Gudbrandsdalsost,10,36.00
283,17,Alice Mutton,40,39.00
283,43,Ipoh Coffee,25,46.00
283,61,Sirop d'érable,20,28.50
283,76,Lakkalikööri,50,18.00
284,59,Raclette Courdavault,2,55.00
285,30,Nord-Ost Matjeshering,15,25.89
285,66,Louisiana Hot Spiced Okra,24,17.00
286,4,Chef Anton's Cajun Seasoning,50,22.00
286,72,Mozzarella di Giovanni,24,34.80
286,73,Röd Kaviar,24,15.00
287,30,Nord-Ost Matjeshering,10,25.89
287,40,Boston Crab Meat,10,18.40
287,54,Tourtière,10,7.45
288,11,Queso Cabrales,50,21.00
288,40,Boston Crab Meat,10,18.40
288,57,Ravioli Angelo,5,19.50
288,59,Raclette Courdavault,15,55.00
289,12,Queso Manchego La Pastora,15,38.00
289,31,Gorgonzola Telino,20,12.50
289,33,Geitost,30,2.50
289,60,Camembert Pierrot,35,34.00
290,31,Gorgonzola Telino,30,12.50
290,51,Manjimup Dried Apples,6,53.00
290,58,Escargots de Bourgogne,20,13.25
290,72,Mozzarella di Giovanni,21,34.80
290,73,Röd Kaviar,9,15.00
291,70,Outback Lager,7,15.00
291,72,Mozzarella di Giovanni,1,34.80
292,13,Konbu,8,6.00
292,21,Sir Rodney's Scones,15,10.00
292,33,Geitost,15,2.50
292,49,Maxilaku,6,20.00
293,3,Aniseed Syrup,60,10.00
293,26,Gumbär Gummibärchen,40,31.23
293,38,Côte de Blaye,30,263.50
293,68,Scottish Longbreads,35,12.50
294,24,Guaraná Fantástica,35,4.50
294,38,Côte de Blaye,4,263.50
294,65,Louisiana Fiery Hot Pepper Sauce,36,21.05
294,71,Flotemysost,9,21.50
295,11,Queso Cabrales,15,21.00
295,54,Tourtière,24,7.45
296,12,Queso Manchego La Pastora,30,38.00
296,23,Tunnbröd,70,9.00
297,28,Rössle Sauerkraut,7,45.60
297,67,Laughing Lumberjack Lager,7,14.00
298,11,Queso Cabrales,10,21.00
299,7,Uncle Bob's Organic Dried Pears,10,30.00
299,35,Steeleye Stout,30,18.00
299,62,Tarte au sucre,40,49.30
300,32,Mascarpone Fabioli,24,32.00
300,36,Inlagd Sill,60,19.00
301,34,Sasquatch Ale,10,14.00
301,41,Jack's New England Clam Chowder,14,9.65
302,31,Gorgonzola Telino,55,12.50
302,45,Rogede sild,100,9.50
302,51,Manjimup Dried Apples,48,53.00
303,17,Alice Mutton,8,39.00
303,19,Teatime Chocolate Biscuits,10,9.20
303,21,Sir Rodney's Scones,6,10.00
303,61,Sirop d'érable,10,28.50
304,16,Pavlova,40,17.45
304,35,Steeleye Stout,20,18.00
304,44,Gula Malacca,40,19.45
305,69,Gudbrandsdalsost,18,36.00
305,75,Rhönbräu Klosterbier,30,7.75
306,11,Queso Cabrales,15,21.00
306,16,Pavlova,14,17.45
306,22,Gustaf's Knäckebröd,24,21.00
306,31,Gorgonzola Telino,30,12.50
306,35,Steeleye Stout,6,18.00
307,16,Pavlova,30,17.45
307,23,Tunnbröd,20,9.00
307,62,Tarte au sucre,20,49.30
307,77,Original Frankfurter grüne Soße,10,13.00
308,14,Tofu,30,23.25
308,19,Teatime Chocolate Biscuits,35,9.20
308,24,Guaraná Fantástica,18,4.50
308,51,Manjimup Dried Apples,20,53.00
308,56,Gnocchi di nonna Alice,40,38.00
309,72,Mozzarella di Giovanni,24,34.80
310,64,Wimmers gute Semmelknödel,30,33.25
310,75,Rhönbräu Klosterbier,20,7.75
311,47,Zaanse koeken,25,9.50
311,51,Manjimup Dried Apples,20,53.00
311,52,Filo Mix,30,7.00
311,53,Perth Pasties,18,32.80
311,73,Röd Kaviar,3,15.00
312,41,Jack's New England Clam Chowder,12,9.65
312,55,Pâté chinois,18,24.00
313,30,Nord-Ost Matjeshering,20,25.89
313,62,Tarte au sucre,15,49.30
314,44,Gula Malacca,10,19.45
314,51,Manjimup Dried Apples,50,53.00
315,33,Geitost,20,2.50
315,62,Tarte au sucre,10,49.30
316,36,Inlagd Sill,25,19.00
316,52,Filo Mix,70,7.00
317,17,Alice Mutton,16,39.00
317,31,Gorgonzola Telino,6,12.50
317,55,Pâté chinois,25,24.00
318,24,Guaraná Fantástica,25,4.50
318,64,Wimmers gute Semmelknödel,18,33.25
319,11,Queso Cabrales,35,21.00
319,18,Carnarvon Tigers,18,62.50
319,76,Lakkalikööri,10,18.00
320,31,Gorgonzola Telino,60,12.50
320,51,Manjimup Dried Apples,3,53.00
320,59,Raclette Courdavault,40,55.00
321,10,Ikura,5,31.00
322,31,Gorgonzola Telino,35,12.50
322,76,Lakkalikööri,30,18.00
323,11,Queso Cabrales,15,21.00
323,56,Gnocchi di nonna Alice,60,38.00
324,14,Tofu,11,23.25
324,42,Singaporean Hokkien Fried Mee,28,14.00
325,16,Pavlova,12,17.45
325,32,Mascarpone Fabioli,10,32.00
325,40,Boston Crab Meat,50,18.40
325,75,Rhönbräu Klosterbier,15,7.75
326,17,Alice Mutton,18,39.00
326,34,Sasquatch Ale,40,14.00
326,53,Perth Pasties,25,32.80
327,33,Geitost,14,2.50
327,40,Boston Crab Meat,2,18.40
327,62,Tarte au sucre,10,49.30
327,64,Wimmers gute Semmelknödel,6,33.25
328,59,Raclette Courdavault,12,55.00
328,63,Vegie-spread,6,43.90
328,72,Mozzarella di Giovanni,30,34.80
328,76,Lakkalikööri,10,18.00
329,1,Chai,10,18.00
329,31,Gorgonzola Telino,20,12.50
329,44,Gula Malacca,21,19.45
330,39,Chartreuse verte,10,18.00
330,75,Rhönbräu Klosterbier,20,7.75
330,77,Original Frankfurter grüne Soße,18,13.00
331,35,Steeleye Stout,20,18.00
331,57,Ravioli Angelo,6,19.50
332,15,Genen Shouyu,10,15.50
332,75,Rhönbräu Klosterbier,21,7.75
333,14,Tofu,15,23.25
333,41,Jack's New England Clam Chowder,9,9.65
333,65,Louisiana Fiery Hot Pepper Sauce,30,21.05
334,75,Rhönbräu Klosterbier,50,7.75
335,57,Ravioli Angelo,4,19.50
335,76,Lakkalikööri,14,18.00
336,29,Thüringer Rostbratwurst,10,123.79
336,60,Camembert Pierrot,24,34.00
336,69,Gudbrandsdalsost,10,36.00
337,31,Gorgonzola Telino,50,12.50
338,47,Zaanse koeken,15,9.50
339,52,Filo Mix,4,7.00
340,26,Gumbär Gummibärchen,6,31.23
340,35,Steeleye Stout,20,18.00
340,77,Original Frankfurter grüne Soße,20,13.00
341,18,Carnarvon Tigers,40,62.50
341,42,Singaporean Hokkien Fried Mee,100,14.00
342,35,Steeleye Stout,4,18.00
343,1,Chai,20,18.00
343,77,Original Frankfurter grüne Soße,60,13.00
344,3,Aniseed Syrup,14,10.00
344,7,Uncle Bob's Organic Dried Pears,10,30.00
344,54,Tourtière,50,7.45
345,15,Genen Shouyu,25,15.50
345,26,Gumbär Gummibärchen,5,31.23
346,20,Sir Rodney's Marmalade,21,81.00
346,69,Gudbrandsdalsost,20,36.00
346,76,Lakkalikööri,4,18.00
347,52,Filo Mix,24,7.00
347,58,Escargots de Bourgogne,30,13.25
348,35,Steeleye Stout,30,18.00
348,61,Sirop d'érable,120,28.50
348,69,Gudbrandsdalsost,65,36.00
349,56,Gnocchi di nonna Alice,5,38.00
349,63,Vegie-spread,24,43.90
349,75,Rhönbräu Klosterbier,30,7.75
350,24,Guaraná Fantástica,35,4.50
350,57,Ravioli Angelo,20,19.50
350,65,Louisiana Fiery Hot Pepper Sauce,12,21.05
351,27,Schoggi Schokolade,50,43.90
351,71,Flotemysost,9,21.50
352,62,Tarte au sucre,10,49.30
353,54,Tourtière,4,7.45
353,73,Röd Kaviar,30,15.00
354,13,Konbu,60,6.00
354,59,Raclette Courdavault,35,55.00
355,77,Original Frankfurter grüne Soße,5,13.00
356,22,Gustaf's Knäckebröd,48,21.00
356,49,Maxilaku,25,20.00
357,48,Chocolade,6,12.75
357,76,Lakkalikööri,10,18.00
358,16,Pavlova,30,17.45
358,59,Raclette Courdavault,20,55.00
358,60,Camembert Pierrot,70,34.00
358,71,Flotemysost,15,21.50
359,4,Chef Anton's Cajun Seasoning,20,22.00
359,55,Pâté chinois,20,24.00
359,62,Tarte au sucre,10,49.30
360,7,Uncle Bob's Organic Dried Pears,45,30.00
360,17,Alice Mutton,100,39.00
360,33,Geitost,14,2.50
360,40,Boston Crab Meat,42,18.40
360,72,Mozzarella di Giovanni,12,34.80
361,56,Gnocchi di nonna Alice,28,38.00
362,1,Chai,3,18.00
362,10,Ikura,10,31.00
362,21,Sir Rodney's Scones,6,10.00
363,36,Inlagd Sill,21,19.00
364,1,Chai,6,18.00
364,2,Chang,10,19.00
364,60,Camembert Pierrot,15,34.00
365,10,Ikura,70,31.00
365,36,Inlagd Sill,55,19.00
365,49,Maxilaku,18,20.00
365,60,Camembert Pierrot,40,34.00
365,76,Lakkalikööri,80,18.00
366,13,Konbu,8,6.00
366,75,Rhönbräu Klosterbier,40,7.75
367,11,Queso Cabrales,14,21.00
367,21,Sir Rodney's Scones,8,10.00
367,39,Chartreuse verte,5,18.00
368,55,Pâté chinois,5,24.00
369,38,Côte de Blaye,15,263.50
369,56,Gnocchi di nonna Alice,14,38.00
369,70,Outback Lager,15,15.00
369,71,Flotemysost,15,21.50
370,59,Raclette Courdavault,30,55.00
371,6,Grandma's Boysenberry Spread,70,25.00
371,56,Gnocchi di nonna Alice,20,38.00
371,68,Scottish Longbreads,15,12.50
372,21,Sir Rodney's Scones,42,10.00
372,22,Gustaf's Knäckebröd,40,21.00
373,24,Guaraná Fantástica,5,4.50
373,52,Filo Mix,5,7.00
374,19,Teatime Chocolate Biscuits,5,9.20
374,23,Tunnbröd,10,9.00
374,70,Outback Lager,20,15.00
374,71,Flotemysost,15,21.50
375,2,Chang,20,19.00
375,68,Scottish Longbreads,18,12.50
376,14,Tofu,21,23.25
376,19,Teatime Chocolate Biscuits,15,9.20
376,21,Sir Rodney's Scones,25,10.00
376,24,Guaraná Fantástica,3,4.50
376,35,Steeleye Stout,30,18.00
377,28,Rössle Sauerkraut,10,45.60
377,29,Thüringer Rostbratwurst,6,123.79
377,44,Gula Malacca,10,19.45
378,14,Tofu,3,23.25
378,42,Singaporean Hokkien Fried Mee,5,14.00
378,60,Camembert Pierrot,10,34.00
379,53,Perth Pasties,12,32.80
379,60,Camembert Pierrot,20,34.00
379,71,Flotemysost,20,21.50
380,62,Tarte au sucre,15,49.30
380,73,Röd Kaviar,35,15.00
381,1,Chai,25,18.00
382,29,Thüringer Rostbratwurst,20,123.79
382,64,Wimmers gute Semmelknödel,9,33.25
383,55,Pâté chinois,12,24.00
383,76,Lakkalikööri,35,18.00
384,75,Rhönbräu Klosterbier,8,7.75
385,2,Chang,30,19.00
385,33,Geitost,20,2.50
386,12,Queso Manchego La Pastora,36,38.00
386,13,Konbu,13,6.00
386,26,Gumbär Gummibärchen,35,31.23
386,62,Tarte au sucre,80,49.30
387,7,Uncle Bob's Organic Dried Pears,35,30.00
387,18,Carnarvon Tigers,50,62.50
387,51,Manjimup Dried Apples,15,53.00
387,75,Rhönbräu Klosterbier,2,7.75
388,4,Chef Anton's Cajun Seasoning,10,22.00
388,5,Chef Anton's Gumbo Mix,15,21.35
388,22,Gustaf's Knäckebröd,40,21.00
389,4,Chef Anton's Cajun Seasoning,25,22.00
389,58,Escargots de Bourgogne,6,13.25
390,11,Queso Cabrales,10,21.00
390,50,Valkoinen suklaa,25,16.25
390,56,Gnocchi di nonna Alice,60,38.00
391,45,Rogede sild,20,9.50
391,65,Louisiana Fiery Hot Pepper Sauce,21,21.05
391,72,Mozzarella di Giovanni,60,34.80
392,18,Carnarvon Tigers,8,62.50
393,69,Gudbrandsdalsost,20,36.00
393,70,Outback Lager,15,15.00
394,2,Chang,50,19.00
394,40,Boston Crab Meat,60,18.40
395,21,Sir Rodney's Scones,30,10.00
395,61,Sirop d'érable,20,28.50
396,28,Rössle Sauerkraut,15,45.60
396,39,Chartreuse verte,21,18.00
396,46,Spegesild,2,12.00
397,18,Carnarvon Tigers,4,62.50
397,43,Ipoh Coffee,20,46.00
397,46,Spegesild,21,12.00
398,18,Carnarvon Tigers,20,62.50
398,36,Inlagd Sill,15,19.00
399,1,Chai,15,18.00
399,10,Ikura,18,31.00
399,71,Flotemysost,30,21.50
399,77,Original Frankfurter grüne Soße,35,13.00
400,19,Teatime Chocolate Biscuits,30,9.20
400,39,Chartreuse verte,20,18.00
401,22,Gustaf's Knäckebröd,15,21.00
401,24,Guaraná Fantástica,15,4.50
402,28,Rössle Sauerkraut,20,45.60
402,72,Mozzarella di Giovanni,15,34.80
403,30,Nord-Ost Matjeshering,30,25.89
403,53,Perth Pasties,25,32.80
403,54,Tourtière,30,7.45
404,19,Teatime Chocolate Biscuits,12,9.20
404,22,Gustaf's Knäckebröd,20,21.00
405,30,Nord-Ost Matjeshering,2,25.89
405,42,Singaporean Hokkien Fried Mee,20,14.00
406,16,Pavlova,30,17.45
406,60,Camembert Pierrot,20,34.00
407,4,Chef Anton's Cajun Seasoning,12,22.00
407,39,Chartreuse verte,20,18.00
407,54,Tourtière,6,7.45
408,41,Jack's New England Clam Chowder,20,9.65
409,14,Tofu,3,23.25
409,44,Gula Malacca,28,19.45
409,47,Zaanse koeken,6,9.50
410,15,Genen Shouyu,50,15.50
410,41,Jack's New England Clam Chowder,24,9.65
410,46,Spegesild,45,12.00
410,47,Zaanse koeken,10,9.50
410,56,Gnocchi di nonna Alice,45,38.00
410,60,Camembert Pierrot,30,34.00
411,21,Sir Rodney's Scones,60,10.00
411,40,Boston Crab Meat,70,18.40
411,60,Camembert Pierrot,55,34.00
411,77,Original Frankfurter grüne Soße,70,13.00
412,31,Gorgonzola Telino,20,12.50
412,40,Boston Crab Meat,24,18.40
412,70,Outback Lager,40,15.00
413,20,Sir Rodney's Marmalade,21,81.00
414,39,Chartreuse verte,3,18.00
414,58,Escargots de Bourgogne,49,13.25
415,68,Scottish Longbreads,10,12.50
416,40,Boston Crab Meat,30,18.40
416,42,Singaporean Hokkien Fried Mee,30,14.00
416,51,Manjimup Dried Apples,20,53.00
417,10,Ikura,24,31.00
417,56,Gnocchi di nonna Alice,12,38.00
417,65,Louisiana Fiery Hot Pepper Sauce,15,21.05
418,51,Manjimup Dried Apples,20,53.00
418,59,Raclette Courdavault,1,55.00
418,76,Lakkalikööri,10,18.00
419,29,Thüringer Rostbratwurst,36,123.79
419,65,Louisiana Fiery Hot Pepper Sauce,10,21.05
420,69,Gudbrandsdalsost,45,36.00
420,71,Flotemysost,14,21.50
421,31,Gorgonzola Telino,8,12.50
421,55,Pâté chinois,4,24.00
421,64,Wimmers gute Semmelknödel,15,33.25
422,36,Inlagd Sill,30,19.00
423,23,Tunnbröd,32,9.00
423,46,Spegesild,60,12.00
423,67,Laughing Lumberjack Lager,25,14.00
423,73,Röd Kaviar,50,15.00
423,75,Rhönbräu Klosterbier,25,7.75
424,16,Pavlova,10,17.45
424,62,Tarte au sucre,10,49.30
424,65,Louisiana Fiery Hot Pepper Sauce,12,21.05
425,38,Côte de Blaye,15,263.50
425,71,Flotemysost,12,21.50
426,16,Pavlova,3,17.45
426,42,Singaporean Hokkien Fried Mee,6,14.00
426,43,Ipoh Coffee,6,46.00
427,23,Tunnbröd,5,9.00
428,14,Tofu,30,23.25
428,53,Perth Pasties,10,32.80
428,58,Escargots de Bourgogne,30,13.25
429,10,Ikura,2,31.00
429,19,Teatime Chocolate Biscuits,7,9.20
429,44,Gula Malacca,21,19.45
430,26,Gumbär Gummibärchen,30,31.23
430,33,Geitost,8,2.50
431,12,Queso Manchego La Pastora,100,38.00
431,33,Geitost,30,2.50
431,41,Jack's New England Clam Chowder,120,9.65
431,54,Tourtière,30,7.45
432,59,Raclette Courdavault,12,55.00
433,16,Pavlova,50,17.45
433,31,Gorgonzola Telino,20,12.50
433,42,Singaporean Hokkien Fried Mee,40,14.00
434,19,Teatime Chocolate Biscuits,30,9.20
434,21,Sir Rodney's Scones,12,10.00
434,64,Wimmers gute Semmelknödel,28,33.25
435,33,Geitost,30,2.50
435,66,Louisiana Hot Spiced Okra,4,17.00
435,75,Rhönbräu Klosterbier,30,7.75
436,52,Filo Mix,9,7.00
437,40,Boston Crab Meat,20,18.40
437,47,Zaanse koeken,40,9.50
437,60,Camembert Pierrot,30,34.00
438,10,Ikura,20,31.00
438,41,Jack's New England Clam Chowder,4,9.65
438,47,Zaanse koeken,15,9.50
439,17,Alice Mutton,30,39.00
439,26,Gumbär Gummibärchen,15,31.23
440,9,Mishi Kobe Niku,50,97.00
440,29,Thüringer Rostbratwurst,10,123.79
440,36,Inlagd Sill,6,19.00
441,10,Ikura,18,31.00
441,28,Rössle Sauerkraut,60,45.60
441,34,Sasquatch Ale,14,14.00
442,1,Chai,35,18.00
443,56,Gnocchi di nonna Alice,20,38.00
443,77,Original Frankfurter grüne Soße,30,13.00
444,1,Chai,30,18.00
444,29,Thüringer Rostbratwurst,40,123.79
444,43,Ipoh Coffee,40,46.00
444,44,Gula Malacca,24,19.45
444,62,Tarte au sucre,48,49.30
445,63,Vegie-spread,20,43.90
446,9,Mishi Kobe Niku,6,97.00
446,54,Tourtière,60,7.45
446,69,Gudbrandsdalsost,30,36.00
446,73,Röd Kaviar,15,15.00
447,7,Uncle Bob's Organic Dried Pears,90,30.00
447,59,Raclette Courdavault,25,55.00
447,70,Outback Lager,50,15.00
448,8,Northwoods Cranberry Sauce,10,40.00
448,12,Queso Manchego La Pastora,4,38.00
448,24,Guaraná Fantástica,20,4.50
449,17,Alice Mutton,20,39.00
449,46,Spegesild,18,12.00
450,19,Teatime Chocolate Biscuits,7,9.20
450,35,Steeleye Stout,9,18.00
450,58,Escargots de Bourgogne,30,13.25
450,70,Outback Lager,30,15.00
451,11,Queso Cabrales,15,21.00
451,17,Alice Mutton,8,39.00
451,29,Thüringer Rostbratwurst,12,123.79
451,65,Louisiana Fiery Hot Pepper Sauce,65,21.05
451,70,Outback Lager,8,15.00
452,47,Zaanse koeken,12,9.50
453,1,Chai,5,18.00
453,34,Sasquatch Ale,12,14.00
453,68,Scottish Longbreads,40,12.50
453,71,Flotemysost,60,21.50
454,59,Raclette Courdavault,42,55.00
454,71,Flotemysost,20,21.50
454,76,Lakkalikööri,35,18.00
455,3,Aniseed Syrup,6,10.00
455,76,Lakkalikööri,15,18.00
456,2,Chang,5,19.00
456,59,Raclette Courdavault,35,55.00
456,73,Röd Kaviar,35,15.00
457,4,Chef Anton's Cajun Seasoning,6,22.00
457,24,Guaraná Fantástica,35,4.50
457,48,Chocolade,24,12.75
458,31,Gorgonzola Telino,20,12.50
458,32,Mascarpone Fabioli,4,32.00
459,16,Pavlova,20,17.45
459,43,Ipoh Coffee,24,46.00
459,59,Raclette Courdavault,8,55.00
460,55,Pâté chinois,21,24.00
460,57,Ravioli Angelo,40,19.50
460,70,Outback Lager,28,15.00
461,5,Chef Anton's Gumbo Mix,4,21.35
461,36,Inlagd Sill,5,19.00
462,8,Northwoods Cranberry Sauce,40,40.00
462,51,Manjimup Dried Apples,28,53.00
462,60,Camembert Pierrot,10,34.00
463,19,Teatime Chocolate Biscuits,5,9.20
463,47,Zaanse koeken,5,9.50
464,19,Teatime Chocolate Biscuits,12,9.20
464,41,Jack's New England Clam Chowder,42,9.65
464,53,Perth Pasties,120,32.80
465,53,Perth Pasties,3,32.80
465,56,Gnocchi di nonna Alice,30,38.00
466,10,Ikura,18,31.00
466,26,Gumbär Gummibärchen,30,31.23
466,45,Rogede sild,110,9.50
466,46,Spegesild,24,12.00
467,2,Chang,30,19.00
467,17,Alice Mutton,27,39.00
467,47,Zaanse koeken,50,9.50
467,56,Gnocchi di nonna Alice,18,38.00
467,58,Escargots de Bourgogne,12,13.25
468,10,Ikura,21,31.00
468,71,Flotemysost,30,21.50
469,21,Sir Rodney's Scones,5,10.00
469,51,Manjimup Dried Apples,7,53.00
469,61,Sirop d'érable,10,28.50
470,21,Sir Rodney's Scones,32,10.00
470,54,Tourtière,15,7.45
470,69,Gudbrandsdalsost,25,36.00
471,12,Queso Manchego La Pastora,36,38.00
471,16,Pavlova,20,17.45
471,36,Inlagd Sill,40,19.00
471,62,Tarte au sucre,20,49.30
472,18,Carnarvon Tigers,12,62.50
472,30,Nord-Ost Matjeshering,3,25.89
472,54,Tourtière,40,7.45
473,35,Steeleye Stout,21,18.00
473,71,Flotemysost,8,21.50
474,44,Gula Malacca,50,19.45
475,2,Chang,3,19.00
475,31,Gorgonzola Telino,50,12.50
475,68,Scottish Longbreads,45,12.50
475,75,Rhönbräu Klosterbier,42,7.75
476,26,Gumbär Gummibärchen,15,31.23
477,10,Ikura,16,31.00
477,61,Sirop d'érable,5,28.50
478,41,Jack's New England Clam Chowder,12,9.65
478,52,Filo Mix,4,7.00
478,55,Pâté chinois,6,24.00
479,4,Chef Anton's Cajun Seasoning,25,22.00
479,11,Queso Cabrales,5,21.00
480,17,Alice Mutton,20,39.00
480,56,Gnocchi di nonna Alice,10,38.00
480,59,Raclette Courdavault,10,55.00
481,30,Nord-Ost Matjeshering,15,25.89
481,40,Boston Crab Meat,6,18.40
481,55,Pâté chinois,12,24.00
481,60,Camembert Pierrot,15,34.00
482,1,Chai,50,18.00
482,21,Sir Rodney's Scones,30,10.00
482,50,Valkoinen suklaa,40,16.25
483,16,Pavlova,15,17.45
483,31,Gorgonzola Telino,3,12.50
483,65,Louisiana Fiery Hot Pepper Sauce,10,21.05
484,21,Sir Rodney's Scones,40,10.00
484,51,Manjimup Dried Apples,30,53.00
485,76,Lakkalikööri,20,18.00
486,14,Tofu,16,23.25
486,28,Rössle Sauerkraut,20,45.60
486,52,Filo Mix,25,7.00
487,6,Grandma's Boysenberry Spread,30,25.00
487,30,Nord-Ost Matjeshering,15,25.89
487,76,Lakkalikööri,20,18.00
488,61,Sirop d'érable,20,28.50
488,77,Original Frankfurter grüne Soße,2,13.00
489,65,Louisiana Fiery Hot Pepper Sauce,40,21.05
489,75,Rhönbräu Klosterbier,20,7.75
490,13,Konbu,4,6.00
490,41,Jack's New England Clam Chowder,12,9.65
491,16,Pavlova,3,17.45
492,36,Inlagd Sill,6,19.00
492,52,Filo Mix,18,7.00
493,28,Rössle Sauerkraut,5,45.60
493,35,Steeleye Stout,35,18.00
493,45,Rogede sild,40,9.50
493,56,Gnocchi di nonna Alice,14,38.00
494,2,Chang,15,19.00
495,3,Aniseed Syrup,20,10.00
495,60,Camembert Pierrot,50,34.00
495,72,Mozzarella di Giovanni,35,34.80
496,46,Spegesild,28,12.00
497,40,Boston Crab Meat,50,18.40
498,18,Carnarvon Tigers,24,62.50
498,44,Gula Malacca,16,19.45
498,59,Raclette Courdavault,45,55.00
498,72,Mozzarella di Giovanni,7,34.80
499,13,Konbu,6,6.00
499,42,Singaporean Hokkien Fried Mee,28,14.00
499,62,Tarte au sucre,9,49.30
499,69,Gudbrandsdalsost,40,36.00
500,31,Gorgonzola Telino,8,12.50
500,41,Jack's New England Clam Chowder,35,9.65
500,63,Vegie-spread,9,43.90
500,69,Gudbrandsdalsost,30,36.00
501,23,Tunnbröd,44,9.00
501,40,Boston Crab Meat,40,18.40
501,56,Gnocchi di nonna Alice,28,38.00
502,56,Gnocchi di nonna Alice,15,38.00
502,59,Raclette Courdavault,6,55.00
502,76,Lakkalikööri,10,18.00
503,14,Tofu,5,23.25
503,45,Rogede sild,40,9.50
503,59,Raclette Courdavault,25,55.00
504,26,Gumbär Gummibärchen,12,31.23
504,30,Nord-Ost Matjeshering,30,25.89
504,50,Valkoinen suklaa,20,16.25
504,73,Röd Kaviar,15,15.00
505,1,Chai,8,18.00
505,69,Gudbrandsdalsost,3,36.00
506,45,Rogede sild,4,9.50
506,74,Longlife Tofu,5,10.00
507,40,Boston Crab Meat,3,18.40
508,47,Zaanse koeken,30,9.50
508,56,Gnocchi di nonna Alice,30,38.00
508,57,Ravioli Angelo,14,19.50
508,69,Gudbrandsdalsost,25,36.00
509,18,Carnarvon Tigers,21,62.50
509,36,Inlagd Sill,20,19.00
509,68,Scottish Longbreads,6,12.50
509,69,Gudbrandsdalsost,20,36.00
510,34,Sasquatch Ale,30,14.00
510,59,Raclette Courdavault,7,55.00
510,62,Tarte au sucre,30,49.30
510,64,Wimmers gute Semmelknödel,24,33.25
511,26,Gumbär Gummibärchen,20,31.23
511,52,Filo Mix,60,7.00
511,70,Outback Lager,40,15.00
512,32,Mascarpone Fabioli,10,32.00
513,25,NuNuCa Nuß-Nougat-Creme,12,14.00
513,27,Schoggi Schokolade,40,43.90
513,43,Ipoh Coffee,30,46.00
514,25,NuNuCa Nuß-Nougat-Creme,35,14.00
514,75,Rhönbräu Klosterbier,18,7.75
515,39,Chartreuse verte,16,18.00
515,47,Zaanse koeken,30,9.50
515,51,Manjimup Dried Apples,28,53.00
515,56,Gnocchi di nonna Alice,60,38.00
516,21,Sir Rodney's Scones,40,10.00
516,22,Gustaf's Knäckebröd,6,21.00
516,24,Guaraná Fantástica,20,4.50
517,3,Aniseed Syrup,20,10.00
517,39,Chartreuse verte,130,18.00
518,65,Louisiana Fiery Hot Pepper Sauce,80,21.05
519,2,Chang,40,19.00
519,7,Uncle Bob's Organic Dried Pears,35,30.00
519,68,Scottish Longbreads,40,12.50
520,42,Singaporean Hokkien Fried Mee,2,14.00
521,22,Gustaf's Knäckebröd,4,21.00
521,31,Gorgonzola Telino,50,12.50
521,60,Camembert Pierrot,15,34.00
521,71,Flotemysost,12,21.50
522,41,Jack's New England Clam Chowder,30,9.65
522,52,Filo Mix,15,7.00
522,61,Sirop d'érable,20,28.50
522,62,Tarte au sucre,15,49.30
523,11,Queso Cabrales,15,21.00
524,71,Flotemysost,16,21.50
525,29,Thüringer Rostbratwurst,18,123.79
525,59,Raclette Courdavault,25,55.00
526,17,Alice Mutton,33,39.00
526,31,Gorgonzola Telino,70,12.50
526,75,Rhönbräu Klosterbier,7,7.75
527,31,Gorgonzola Telino,2,12.50
527,66,Louisiana Hot Spiced Okra,50,17.00
528,10,Ikura,6,31.00
528,67,Laughing Lumberjack Lager,3,14.00
529,31,Gorgonzola Telino,16,12.50
529,42,Singaporean Hokkien Fried Mee,12,14.00
529,45,Rogede sild,27,9.50
529,51,Manjimup Dried Apples,120,53.00
530,42,Singaporean Hokkien Fried Mee,20,14.00
531,41,Jack's New England Clam Chowder,10,9.65
532,16,Pavlova,20,17.45
532,62,Tarte au sucre,20,49.30
533,70,Outback Lager,35,15.00
533,77,Original Frankfurter grüne Soße,15,13.00
534,54,Tourtière,3,7.45
534,56,Gnocchi di nonna Alice,20,38.00
534,74,Longlife Tofu,35,10.00
535,31,Gorgonzola Telino,1,12.50
536,31,Gorgonzola Telino,10,12.50
536,38,Côte de Blaye,5,263.50
537,36,Inlagd Sill,30,19.00
537,39,Chartreuse verte,2,18.00
537,72,Mozzarella di Giovanni,30,34.80
538,10,Ikura,10,31.00
538,75,Rhönbräu Klosterbier,10,7.75
539,8,Northwoods Cranberry Sauce,30,40.00
539,30,Nord-Ost Matjeshering,15,25.89
539,75,Rhönbräu Klosterbier,42,7.75
540,2,Chang,15,19.00
540,29,Thüringer Rostbratwurst,20,123.79
541,19,Teatime Chocolate Biscuits,50,9.20
541,75,Rhönbräu Klosterbier,40,7.75
542,18,Carnarvon Tigers,30,62.50
542,35,Steeleye Stout,15,18.00
542,63,Vegie-spread,30,43.90
542,68,Scottish Longbreads,18,12.50
543,7,Uncle Bob's Organic Dried Pears,3,30.00
543,56,Gnocchi di nonna Alice,20,38.00
544,29,Thüringer Rostbratwurst,14,123.79
544,41,Jack's New England Clam Chowder,20,9.65
545,2,Chang,10,19.00
545,54,Tourtière,3,7.45
545,68,Scottish Longbreads,15,12.50
546,41,Jack's New England Clam Chowder,14,9.65
546,52,Filo Mix,8,7.00
547,14,Tofu,15,23.25
547,54,Tourtière,6,7.45
548,16,Pavlova,65,17.45
548,17,Alice Mutton,35,39.00
549,26,Gumbär Gummibärchen,21,31.23
549,44,Gula Malacca,10,19.45
549,64,Wimmers gute Semmelknödel,35,33.25
549,69,Gudbrandsdalsost,24,36.00
550,11,Queso Cabrales,20,21.00
551,62,Tarte au sucre,2,49.30
551,72,Mozzarella di Giovanni,10,34.80
552,13,Konbu,20,6.00
552,24,Guaraná Fantástica,20,4.50
552,59,Raclette Courdavault,25,55.00
553,11,Queso Cabrales,50,21.00
553,51,Manjimup Dried Apples,10,53.00
553,54,Tourtière,7,7.45
554,17,Alice Mutton,40,39.00
554,29,Thüringer Rostbratwurst,20,123.79
555,30,Nord-Ost Matjeshering,25,25.89
555,51,Manjimup Dried Apples,30,53.00
555,55,Pâté chinois,60,24.00
555,62,Tarte au sucre,5,49.30
556,19,Teatime Chocolate Biscuits,24,9.20
556,25,NuNuCa Nuß-Nougat-Creme,15,14.00
556,59,Raclette Courdavault,15,55.00
557,10,Ikura,36,31.00
557,28,Rössle Sauerkraut,24,45.60
557,49,Maxilaku,4,20.00
558,34,Sasquatch Ale,10,14.00
558,38,Côte de Blaye,10,263.50
559,2,Chang,20,19.00
559,65,Louisiana Fiery Hot Pepper Sauce,2,21.05
559,74,Longlife Tofu,15,10.00
560,40,Boston Crab Meat,1,18.40
561,56,Gnocchi di nonna Alice,20,38.00
561,76,Lakkalikööri,50,18.00
562,52,Filo Mix,20,7.00
563,13,Konbu,7,6.00
563,25,NuNuCa Nuß-Nougat-Creme,5,14.00
563,70,Outback Lager,5,15.00
564,19,Teatime Chocolate Biscuits,15,9.20
564,23,Tunnbröd,18,9.00
564,40,Boston Crab Meat,30,18.40
565,31,Gorgonzola Telino,16,12.50
565,72,Mozzarella di Giovanni,40,34.80
565,77,Original Frankfurter grüne Soße,20,13.00
566,2,Chang,12,19.00
566,46,Spegesild,35,12.00
567,41,Jack's New England Clam Chowder,20,9.65
567,43,Ipoh Coffee,20,46.00
567,48,Chocolade,8,12.75
567,61,Sirop d'érable,30,28.50
568,33,Geitost,16,2.50
569,38,Côte de Blaye,30,263.50
569,62,Tarte au sucre,20,49.30
570,26,Gumbär Gummibärchen,40,31.23
570,38,Côte de Blaye,30,263.50
570,40,Boston Crab Meat,60,18.40
570,62,Tarte au sucre,25,49.30
571,32,Mascarpone Fabioli,20,32.00
571,41,Jack's New England Clam Chowder,20,9.65
572,43,Ipoh Coffee,7,46.00
572,75,Rhönbräu Klosterbier,20,7.75
573,56,Gnocchi di nonna Alice,30,38.00
574,35,Steeleye Stout,20,18.00
574,51,Manjimup Dried Apples,6,53.00
575,62,Tarte au sucre,3,49.30
575,70,Outback Lager,6,15.00
576,11,Queso Cabrales,20,21.00
576,57,Ravioli Angelo,15,19.50
576,59,Raclette Courdavault,40,55.00
576,77,Original Frankfurter grüne Soße,15,13.00
577,41,Jack's New England Clam Chowder,12,9.65
577,70,Outback Lager,9,15.00
578,26,Gumbär Gummibärchen,12,31.23
578,53,Perth Pasties,20,32.80
579,31,Gorgonzola Telino,35,12.50
579,57,Ravioli Angelo,15,19.50
580,10,Ikura,15,31.00
580,39,Chartreuse verte,21,18.00
581,20,Sir Rodney's Marmalade,5,81.00
581,38,Côte de Blaye,2,263.50
582,2,Chang,10,19.00
582,8,Northwoods Cranberry Sauce,20,40.00
582,13,Konbu,10,6.00
582,60,Camembert Pierrot,21,34.00
583,6,Grandma's Boysenberry Spread,6,25.00
583,39,Chartreuse verte,28,18.00
583,60,Camembert Pierrot,30,34.00
583,68,Scottish Longbreads,24,12.50
584,19,Teatime Chocolate Biscuits,2,9.20
584,35,Steeleye Stout,8,18.00
584,38,Côte de Blaye,8,263.50
584,43,Ipoh Coffee,9,46.00
585,13,Konbu,3,6.00
585,25,NuNuCa Nuß-Nougat-Creme,10,14.00
585,44,Gula Malacca,16,19.45
585,64,Wimmers gute Semmelknödel,3,33.25
586,7,Uncle Bob's Organic Dried Pears,20,30.00
586,31,Gorgonzola Telino,9,12.50
586,53,Perth Pasties,9,32.80
587,29,Thüringer Rostbratwurst,8,123.79
587,30,Nord-Ost Matjeshering,20,25.89
588,59,Raclette Courdavault,15,55.00
588,77,Original Frankfurter grüne Soße,2,13.00
589,22,Gustaf's Knäckebröd,52,21.00
589,35,Steeleye Stout,6,18.00
589,57,Ravioli Angelo,24,19.50
589,60,Camembert Pierrot,60,34.00
589,64,Wimmers gute Semmelknödel,30,33.25
590,13,Konbu,6,6.00
590,40,Boston Crab Meat,25,18.40
590,47,Zaanse koeken,40,9.50
590,76,Lakkalikööri,21,18.00
591,1,Chai,4,18.00
591,18,Carnarvon Tigers,25,62.50
591,36,Inlagd Sill,50,19.00
592,58,Escargots de Bourgogne,30,13.25
592,72,Mozzarella di Giovanni,15,34.80
593,25,NuNuCa Nuß-Nougat-Creme,6,14.00
593,39,Chartreuse verte,10,18.00
594,10,Ikura,16,31.00
594,56,Gnocchi di nonna Alice,30,38.00
594,59,Raclette Courdavault,50,55.00
594,77,Original Frankfurter grüne Soße,15,13.00
595,11,Queso Cabrales,15,21.00
595,43,Ipoh Coffee,5,46.00
595,68,Scottish Longbreads,20,12.50
595,70,Outback Lager,12,15.00
596,51,Manjimup Dried Apples,4,53.00
597,22,Gustaf's Knäckebröd,35,21.00
598,23,Tunnbröd,70,9.00
598,35,Steeleye Stout,25,18.00
598,42,Singaporean Hokkien Fried Mee,42,14.00
598,58,Escargots de Bourgogne,60,13.25
598,64,Wimmers gute Semmelknödel,48,33.25
599,4,Chef Anton's Cajun Seasoning,21,22.00
599,70,Outback Lager,30,15.00
599,74,Longlife Tofu,20,10.00
600,1,Chai,80,18.00
600,19,Teatime Chocolate Biscuits,12,9.20
600,37,Gravad lax,60,26.00
600,45,Rogede sild,36,9.50
600,60,Camembert Pierrot,45,34.00
600,71,Flotemysost,55,21.50
601,5,Chef Anton's Gumbo Mix,30,21.35
601,9,Mishi Kobe Niku,3,97.00
602,3,Aniseed Syrup,49,10.00
602,26,Gumbär Gummibärchen,18,31.23
603,25,NuNuCa Nuß-Nougat-Creme,20,14.00
603,33,Geitost,4,2.50
603,70,Outback Lager,30,15.00
604,2,Chang,5,19.00
604,25,NuNuCa Nuß-Nougat-Creme,10,14.00
604,57,Ravioli Angelo,10,19.50
604,59,Raclette Courdavault,42,55.00
605,2,Chang,15,19.00
605,17,Alice Mutton,6,39.00
605,62,Tarte au sucre,50,49.30
606,18,Carnarvon Tigers,10,62.50
607,10,Ikura,100,31.00
607,13,Konbu,65,6.00
608,16,Pavlova,50,17.45
608,31,Gorgonzola Telino,14,12.50
608,56,Gnocchi di nonna Alice,24,38.00
608,65,Louisiana Fiery Hot Pepper Sauce,15,21.05
609,2,Chang,20,19.00
609,42,Singaporean Hokkien Fried Mee,20,14.00
610,3,Aniseed Syrup,30,10.00
610,26,Gumbär Gummibärchen,35,31.23
610,29,Thüringer Rostbratwurst,10,123.79
611,7,Uncle Bob's Organic Dried Pears,5,30.00
611,27,Schoggi Schokolade,10,43.90
611,70,Outback Lager,4,15.00
612,24,Guaraná Fantástica,40,4.50
612,54,Tourtière,35,7.45
612,64,Wimmers gute Semmelknödel,30,33.25
613,51,Manjimup Dried Apples,3,53.00
613,76,Lakkalikööri,20,18.00
614,17,Alice Mutton,42,39.00
614,18,Carnarvon Tigers,20,62.50
614,21,Sir Rodney's Scones,40,10.00
614,33,Geitost,35,2.50
614,62,Tarte au sucre,3,49.30
615,11,Queso Cabrales,25,21.00
615,52,Filo Mix,8,7.00
616,1,Chai,20,18.00
616,58,Escargots de Bourgogne,12,13.25
617,35,Steeleye Stout,4,18.00
617,67,Laughing Lumberjack Lager,15,14.00
618,38,Côte de Blaye,60,263.50
618,39,Chartreuse verte,80,18.00
619,2,Chang,21,19.00
619,24,Guaraná Fantástica,6,4.50
619,30,Nord-Ost Matjeshering,40,25.89
620,53,Perth Pasties,3,32.80
621,26,Gumbär Gummibärchen,20,31.23
621,35,Steeleye Stout,30,18.00
621,49,Maxilaku,42,20.00
622,1,Chai,40,18.00
622,11,Queso Cabrales,10,21.00
622,23,Tunnbröd,50,9.00
622,68,Scottish Longbreads,20,12.50
623,35,Steeleye Stout,3,18.00
623,51,Manjimup Dried Apples,2,53.00
624,6,Grandma's Boysenberry Spread,50,25.00
624,16,Pavlova,12,17.45
624,17,Alice Mutton,16,39.00
625,55,Pâté chinois,10,24.00
625,62,Tarte au sucre,20,49.30
625,64,Wimmers gute Semmelknödel,15,33.25
625,65,Louisiana Fiery Hot Pepper Sauce,21,21.05
626,21,Sir Rodney's Scones,20,10.00
626,28,Rössle Sauerkraut,3,45.60
627,10,Ikura,10,31.00
628,19,Teatime Chocolate Biscuits,25,9.20
628,47,Zaanse koeken,21,9.50
628,49,Maxilaku,15,20.00
629,46,Spegesild,21,12.00
629,64,Wimmers gute Semmelknödel,20,33.25
630,16,Pavlova,30,17.45
630,18,Carnarvon Tigers,25,62.50
631,20,Sir Rodney's Marmalade,20,81.00
632,40,Boston Crab Meat,12,18.40
632,65,Louisiana Fiery Hot Pepper Sauce,10,21.05
632,76,Lakkalikööri,10,18.00
633,23,Tunnbröd,30,9.00
633,61,Sirop d'érable,30,28.50
633,70,Outback Lager,50,15.00
634,73,Röd Kaviar,10,15.00
635,42,Singaporean Hokkien Fried Mee,25,14.00
635,49,Maxilaku,20,20.00
635,54,Tourtière,32,7.45
636,24,Guaraná Fantástica,8,4.50
637,21,Sir Rodney's Scones,40,10.00
637,56,Gnocchi di nonna Alice,21,38.00
637,65,Louisiana Fiery Hot Pepper Sauce,12,21.05
638,2,Chang,20,19.00
638,24,Guaraná Fantástica,12,4.50
638,70,Outback Lager,30,15.00
638,77,Original Frankfurter grüne Soße,25,13.00
639,10,Ikura,70,31.00
639,31,Gorgonzola Telino,35,12.50
639,77,Original Frankfurter grüne Soße,40,13.00
640,25,NuNuCa Nuß-Nougat-Creme,5,14.00
641,2,Chang,20,19.00
641,68,Scottish Longbreads,18,12.50
642,11,Queso Cabrales,40,21.00
642,38,Côte de Blaye,40,263.50
643,17,Alice Mutton,15,39.00
643,34,Sasquatch Ale,10,14.00
643,41,Jack's New England Clam Chowder,14,9.65
644,30,Nord-Ost Matjeshering,15,25.89
645,59,Raclette Courdavault,40,55.00
646,8,Northwoods Cranberry Sauce,30,40.00
646,24,Guaraná Fantástica,10,4.50
646,29,Thüringer Rostbratwurst,24,123.79
646,30,Nord-Ost Matjeshering,35,25.89
646,36,Inlagd Sill,20,19.00
647,13,Konbu,28,6.00
647,69,Gudbrandsdalsost,50,36.00
647,75,Rhönbräu Klosterbier,120,7.75
648,24,Guaraná Fantástica,110,4.50
648,39,Chartreuse verte,45,18.00
648,40,Boston Crab Meat,91,18.40
648,60,Camembert Pierrot,100,34.00
649,45,Rogede sild,15,9.50
649,56,Gnocchi di nonna Alice,16,38.00
650,29,Thüringer Rostbratwurst,80,123.79
650,30,Nord-Ost Matjeshering,36,25.89
651,13,Konbu,5,6.00
652,39,Chartreuse verte,8,18.00
653,70,Outback Lager,3,15.00
654,41,Jack's New England Clam Chowder,30,9.65
654,71,Flotemysost,30,21.50
655,55,Pâté chinois,30,24.00
655,62,Tarte au sucre,6,49.30
656,13,Konbu,40,6.00
656,65,Louisiana Fiery Hot Pepper Sauce,21,21.05
656,68,Scottish Longbreads,20,12.50
657,58,Escargots de Bourgogne,15,13.25
657,62,Tarte au sucre,35,49.30
658,1,Chai,20,18.00
659,61,Sirop d'érable,15,28.50
660,75,Rhönbräu Klosterbier,14,7.75
661,7,Uncle Bob's Organic Dried Pears,20,30.00
661,52,Filo Mix,14,7.00
662,7,Uncle Bob's Organic Dried Pears,12,30.00
662,16,Pavlova,15,17.45
662,41,Jack's New England Clam Chowder,5,9.65
663,19,Teatime Chocolate Biscuits,12,9.20
663,49,Maxilaku,10,20.00
663,61,Sirop d'érable,5,28.50
664,1,Chai,10,18.00
664,17,Alice Mutton,12,39.00
664,67,Laughing Lumberjack Lager,15,14.00
665,11,Queso Cabrales,40,21.00
665,29,Thüringer Rostbratwurst,60,123.79
666,4,Chef Anton's Cajun Seasoning,30,22.00
666,33,Geitost,40,2.50
666,58,Escargots de Bourgogne,15,13.25
667,71,Flotemysost,25,21.50
668,17,Alice Mutton,10,39.00
668,33,Geitost,30,2.50
668,54,Tourtière,10,7.45
669,16,Pavlova,6,17.45
669,32,Mascarpone Fabioli,6,32.00
669,57,Ravioli Angelo,20,19.50
670,30,Nord-Ost Matjeshering,1,25.89
670,60,Camembert Pierrot,10,34.00
671,1,Chai,60,18.00
671,60,Camembert Pierrot,25,34.00
672,16,Pavlova,24,17.45
672,25,NuNuCa Nuß-Nougat-Creme,24,14.00
672,40,Boston Crab Meat,20,18.40
673,50,Valkoinen suklaa,24,16.25
674,35,Steeleye Stout,10,18.00
674,63,Vegie-spread,40,43.90
675,17,Alice Mutton,15,39.00
675,24,Guaraná Fantástica,35,4.50
676,42,Singaporean Hokkien Fried Mee,10,14.00
676,43,Ipoh Coffee,10,46.00
676,67,Laughing Lumberjack Lager,24,14.00
677,10,Ikura,20,31.00
677,28,Rössle Sauerkraut,30,45.60
677,75,Rhönbräu Klosterbier,6,7.75
678,36,Inlagd Sill,25,19.00
678,52,Filo Mix,12,7.00
679,11,Queso Cabrales,2,21.00
679,13,Konbu,10,6.00
679,19,Teatime Chocolate Biscuits,7,9.20
679,72,Mozzarella di Giovanni,10,34.80
680,20,Sir Rodney's Marmalade,5,81.00
680,52,Filo Mix,5,7.00
680,76,Lakkalikööri,20,18.00
681,47,Zaanse koeken,5,9.50
681,76,Lakkalikööri,5,18.00
682,21,Sir Rodney's Scones,60,10.00
682,75,Rhönbräu Klosterbier,49,7.75
682,77,Original Frankfurter grüne Soße,15,13.00
683,21,Sir Rodney's Scones,36,10.00
683,27,Schoggi Schokolade,25,43.90
683,55,Pâté chinois,25,24.00
683,58,Escargots de Bourgogne,30,13.25
684,13,Konbu,42,6.00
684,57,Ravioli Angelo,30,19.50
685,16,Pavlova,30,17.45
685,62,Tarte au sucre,14,49.30
685,72,Mozzarella di Giovanni,16,34.80
685,75,Rhönbräu Klosterbier,20,7.75
686,53,Perth Pasties,2,32.80
686,61,Sirop d'érable,30,28.50
687,6,Grandma's Boysenberry Spread,20,25.00
688,1,Chai,21,18.00
688,18,Carnarvon Tigers,4,62.50
688,23,Tunnbröd,8,9.00
689,36,Inlagd Sill,30,19.00
690,28,Rössle Sauerkraut,8,45.60
690,34,Sasquatch Ale,20,14.00
691,13,Konbu,20,6.00
691,43,Ipoh Coffee,24,46.00
691,60,Camembert Pierrot,49,34.00
691,71,Flotemysost,35,21.50
692,2,Chang,10,19.00
692,67,Laughing Lumberjack Lager,40,14.00
693,7,Uncle Bob's Organic Dried Pears,8,30.00
693,13,Konbu,20,6.00
694,31,Gorgonzola Telino,44,12.50
694,62,Tarte au sucre,30,49.30
694,68,Scottish Longbreads,80,12.50
694,72,Mozzarella di Giovanni,50,34.80
695,49,Maxilaku,28,20.00
696,13,Konbu,15,6.00
696,22,Gustaf's Knäckebröd,21,21.00
696,46,Spegesild,15,12.00
697,11,Queso Cabrales,5,21.00
697,44,Gula Malacca,18,19.45
697,56,Gnocchi di nonna Alice,18,38.00
698,13,Konbu,20,6.00
698,31,Gorgonzola Telino,10,12.50
699,10,Ikura,25,31.00
699,24,Guaraná Fantástica,25,4.50
699,77,Original Frankfurter grüne Soße,40,13.00
700,59,Raclette Courdavault,4,55.00
701,50,Valkoinen suklaa,9,16.25
701,51,Manjimup Dried Apples,40,53.00
701,55,Pâté chinois,4,24.00
702,6,Grandma's Boysenberry Spread,12,25.00
702,10,Ikura,30,31.00
702,17,Alice Mutton,6,39.00
702,62,Tarte au sucre,60,49.30
703,4,Chef Anton's Cajun Seasoning,5,22.00
704,33,Geitost,15,2.50
704,41,Jack's New England Clam Chowder,6,9.65
704,75,Rhönbräu Klosterbier,50,7.75
705,6,Grandma's Boysenberry Spread,16,25.00
705,28,Rössle Sauerkraut,2,45.60
706,20,Sir Rodney's Marmalade,50,81.00
706,31,Gorgonzola Telino,50,12.50
707,16,Pavlova,28,17.45
707,31,Gorgonzola Telino,25,12.50
707,45,Rogede sild,30,9.50
707,60,Camembert Pierrot,24,34.00
708,75,Rhönbräu Klosterbier,12,7.75
709,21,Sir Rodney's Scones,12,10.00
709,47,Zaanse koeken,14,9.50
709,51,Manjimup Dried Apples,8,53.00
710,30,Nord-Ost Matjeshering,30,25.89
710,35,Steeleye Stout,40,18.00
710,64,Wimmers gute Semmelknödel,8,33.25
711,5,Chef Anton's Gumbo Mix,20,21.35
711,7,Uncle Bob's Organic Dried Pears,6,30.00
711,72,Mozzarella di Giovanni,5,34.80
712,75,Rhönbräu Klosterbier,20,7.75
713,24,Guaraná Fantástica,10,4.50
713,41,Jack's New England Clam Chowder,24,9.65
714,52,Filo Mix,6,7.00
714,76,Lakkalikööri,60,18.00
715,7,Uncle Bob's Organic Dried Pears,45,30.00
715,13,Konbu,77,6.00
715,53,Perth Pasties,20,32.80
715,69,Gudbrandsdalsost,9,36.00
715,76,Lakkalikööri,44,18.00
716,60,Camembert Pierrot,2,34.00
717,18,Carnarvon Tigers,6,62.50
717,38,Côte de Blaye,5,263.50
717,69,Gudbrandsdalsost,10,36.00
718,51,Manjimup Dried Apples,16,53.00
719,37,Gravad lax,8,26.00
719,56,Gnocchi di nonna Alice,12,38.00
719,62,Tarte au sucre,12,49.30
720,19,Teatime Chocolate Biscuits,12,9.20
720,49,Maxilaku,40,20.00
721,12,Queso Manchego La Pastora,30,38.00
721,24,Guaraná Fantástica,30,4.50
721,64,Wimmers gute Semmelknödel,4,33.25
722,46,Spegesild,9,12.00
723,52,Filo Mix,40,7.00
724,29,Thüringer Rostbratwurst,14,123.79
725,17,Alice Mutton,6,39.00
725,33,Geitost,7,2.50
726,26,Gumbär Gummibärchen,5,31.23
726,41,Jack's New England Clam Chowder,6,9.65
726,75,Rhönbräu Klosterbier,10,7.75
727,63,Vegie-spread,10,43.90
728,8,Northwoods Cranberry Sauce,16,40.00
728,75,Rhönbräu Klosterbier,10,7.75
729,28,Rössle Sauerkraut,20,45.60
730,39,Chartreuse verte,30,18.00
730,47,Zaanse koeken,30,9.50
730,51,Manjimup Dried Apples,10,53.00
730,63,Vegie-spread,20,43.90
731,8,Northwoods Cranberry Sauce,20,40.00
731,21,Sir Rodney's Scones,40,10.00
731,40,Boston Crab Meat,10,18.40
731,44,Gula Malacca,6,19.45
732,7,Uncle Bob's Organic Dried Pears,18,30.00
732,12,Queso Manchego La Pastora,20,38.00
732,24,Guaraná Fantástica,80,4.50
732,27,Schoggi Schokolade,30,43.90
732,31,Gorgonzola Telino,24,12.50
732,63,Vegie-spread,35,43.90
733,75,Rhönbräu Klosterbier,40,7.75
734,38,Côte de Blaye,60,263.50
735,7,Uncle Bob's Organic Dried Pears,20,30.00
735,43,Ipoh Coffee,9,46.00
736,13,Konbu,84,6.00
736,57,Ravioli Angelo,15,19.50
737,16,Pavlova,55,17.45
737,24,Guaraná Fantástica,20,4.50
737,36,Inlagd Sill,40,19.00
738,16,Pavlova,36,17.45
738,18,Carnarvon Tigers,8,62.50
738,32,Mascarpone Fabioli,35,32.00
739,11,Queso Cabrales,30,21.00
739,20,Sir Rodney's Marmalade,15,81.00
739,76,Lakkalikööri,10,18.00
739,77,Original Frankfurter grüne Soße,15,13.00
740,7,Uncle Bob's Organic Dried Pears,60,30.00
740,43,Ipoh Coffee,6,46.00
740,72,Mozzarella di Giovanni,20,34.80
741,7,Uncle Bob's Organic Dried Pears,60,30.00
741,62,Tarte au sucre,40,49.30
742,6,Grandma's Boysenberry Spread,40,25.00
742,11,Queso Cabrales,15,21.00
742,41,Jack's New England Clam Chowder,4,9.65
743,21,Sir Rodney's Scones,65,10.00
743,34,Sasquatch Ale,60,14.00
743,55,Pâté chinois,65,24.00
743,61,Sirop d'érable,66,28.50
744,2,Chang,50,19.00
744,70,Outback Lager,20,15.00
744,76,Lakkalikööri,90,18.00
745,72,Mozzarella di Giovanni,2,34.80
746,29,Thüringer Rostbratwurst,50,123.79
746,41,Jack's New England Clam Chowder,35,9.65
747,59,Raclette Courdavault,18,55.00
748,51,Manjimup Dried Apples,20,53.00
748,60,Camembert Pierrot,4,34.00
749,42,Singaporean Hokkien Fried Mee,40,14.00
750,32,Mascarpone Fabioli,50,32.00
750,46,Spegesild,20,12.00
750,52,Filo Mix,20,7.00
751,24,Guaraná Fantástica,12,4.50
751,61,Sirop d'érable,7,28.50
751,74,Longlife Tofu,20,10.00
751,75,Rhönbräu Klosterbier,30,7.75
752,41,Jack's New England Clam Chowder,20,9.65
752,51,Manjimup Dried Apples,15,53.00
752,77,Original Frankfurter grüne Soße,21,13.00
753,4,Chef Anton's Cajun Seasoning,25,22.00
753,24,Guaraná Fantástica,30,4.50
753,77,Original Frankfurter grüne Soße,30,13.00
754,7,Uncle Bob's Organic Dried Pears,60,30.00
754,22,Gustaf's Knäckebröd,25,21.00
754,46,Spegesild,25,12.00
754,55,Pâté chinois,6,24.00
755,13,Konbu,56,6.00
755,35,Steeleye Stout,15,18.00
755,42,Singaporean Hokkien Fried Mee,24,14.00
755,55,Pâté chinois,40,24.00
756,1,Chai,4,18.00
756,40,Boston Crab Meat,10,18.40
756,52,Filo Mix,10,7.00
757,26,Gumbär Gummibärchen,6,31.23
757,76,Lakkalikööri,6,18.00
758,1,Chai,2,18.00
758,59,Raclette Courdavault,10,55.00
759,1,Chai,8,18.00
759,29,Thüringer Rostbratwurst,2,123.79
760,8,Northwoods Cranberry Sauce,30,40.00
760,29,Thüringer Rostbratwurst,10,123.79
760,42,Singaporean Hokkien Fried Mee,14,14.00
761,28,Rössle Sauerkraut,70,45.60
761,34,Sasquatch Ale,90,14.00
761,71,Flotemysost,21,21.50
762,24,Guaraná Fantástica,12,4.50
762,36,Inlagd Sill,18,19.00
762,60,Camembert Pierrot,9,34.00
763,7,Uncle Bob's Organic Dried Pears,20,30.00
763,24,Guaraná Fantástica,10,4.50
764,58,Escargots de Bourgogne,40,13.25
764,71,Flotemysost,20,21.50
765,19,Teatime Chocolate Biscuits,50,9.20
765,60,Camembert Pierrot,36,34.00
765,71,Flotemysost,60,21.50
766,23,Tunnbröd,10,9.00
766,42,Singaporean Hokkien Fried Mee,4,14.00
766,45,Rogede sild,20,9.50
766,68,Scottish Longbreads,2,12.50
767,41,Jack's New England Clam Chowder,28,9.65
768,30,Nord-Ost Matjeshering,15,25.89
768,77,Original Frankfurter grüne Soße,18,13.00
769,31,Gorgonzola Telino,15,12.50
769,36,Inlagd Sill,16,19.00
770,3,Aniseed Syrup,25,10.00
770,59,Raclette Courdavault,110,55.00
770,70,Outback Lager,30,15.00
771,12,Queso Manchego La Pastora,20,38.00
771,18,Carnarvon Tigers,10,62.50
771,56,Gnocchi di nonna Alice,5,38.00
772,46,Spegesild,3,12.00
772,49,Maxilaku,2,20.00
773,10,Ikura,24,31.00
774,2,Chang,11,19.00
774,20,Sir Rodney's Marmalade,15,81.00
774,26,Gumbär Gummibärchen,63,31.23
774,51,Manjimup Dried Apples,44,53.00
774,72,Mozzarella di Giovanni,35,34.80
775,19,Teatime Chocolate Biscuits,35,9.20
775,69,Gudbrandsdalsost,30,36.00
776,7,Uncle Bob's Organic Dried Pears,4,30.00
776,43,Ipoh Coffee,30,46.00
777,26,Gumbär Gummibärchen,12,31.23
777,33,Geitost,30,2.50
777,65,Louisiana Fiery Hot Pepper Sauce,21,21.05
777,71,Flotemysost,50,21.50
778,1,Chai,10,18.00
778,13,Konbu,20,6.00
779,18,Carnarvon Tigers,8,62.50
779,51,Manjimup Dried Apples,10,53.00
780,24,Guaraná Fantástica,30,4.50
780,62,Tarte au sucre,21,49.30
781,55,Pâté chinois,35,24.00
781,59,Raclette Courdavault,24,55.00
782,56,Gnocchi di nonna Alice,20,38.00
782,63,Vegie-spread,12,43.90
783,2,Chang,100,19.00
783,5,Chef Anton's Gumbo Mix,70,21.35
783,29,Thüringer Rostbratwurst,60,123.79
783,59,Raclette Courdavault,100,55.00
784,1,Chai,45,18.00
784,13,Konbu,80,6.00
784,24,Guaraná Fantástica,21,4.50
784,64,Wimmers gute Semmelknödel,20,33.25
784,71,Flotemysost,16,21.50
785,36,Inlagd Sill,35,19.00
785,38,Côte de Blaye,25,263.50
785,59,Raclette Courdavault,30,55.00
786,53,Perth Pasties,70,32.80
786,69,Gudbrandsdalsost,36,36.00
787,21,Sir Rodney's Scones,15,10.00
787,44,Gula Malacca,12,19.45
787,61,Sirop d'érable,6,28.50
788,1,Chai,10,18.00
788,35,Steeleye Stout,60,18.00
788,42,Singaporean Hokkien Fried Mee,30,14.00
788,54,Tourtière,10,7.45
789,13,Konbu,7,6.00
789,59,Raclette Courdavault,30,55.00
790,70,Outback Lager,4,15.00
791,40,Boston Crab Meat,5,18.40
791,52,Filo Mix,2,7.00
791,71,Flotemysost,30,21.50
792,28,Rössle Sauerkraut,20,45.60
792,35,Steeleye Stout,24,18.00
792,49,Maxilaku,60,20.00
792,57,Ravioli Angelo,28,19.50
793,21,Sir Rodney's Scones,20,10.00
794,2,Chang,30,19.00
794,63,Vegie-spread,30,43.90
795,44,Gula Malacca,15,19.45
795,61,Sirop d'érable,4,28.50
796,11,Queso Cabrales,10,21.00
797,62,Tarte au sucre,12,49.30
798,33,Geitost,15,2.50
798,51,Manjimup Dried Apples,24,53.00
799,12,Queso Manchego La Pastora,20,38.00
799,32,Mascarpone Fabioli,15,32.00
799,35,Steeleye Stout,18,18.00
800,1,Chai,25,18.00
800,5,Chef Anton's Gumbo Mix,30,21.35
801,68,Scottish Longbreads,42,12.50
802,2,Chang,10,19.00
802,12,Queso Manchego La Pastora,4,38.00
803,76,Lakkalikööri,50,18.00
804,24,Guaraná Fantástica,10,4.50
805,43,Ipoh Coffee,30,46.00
805,61,Sirop d'érable,10,28.50
806,18,Carnarvon Tigers,35,62.50
806,32,Mascarpone Fabioli,20,32.00
806,64,Wimmers gute Semmelknödel,25,33.25
807,33,Geitost,10,2.50
807,67,Laughing Lumberjack Lager,20,14.00
808,24,Guaraná Fantástica,15,4.50
808,25,NuNuCa Nuß-Nougat-Creme,15,14.00
808,51,Manjimup Dried Apples,20,53.00
808,57,Ravioli Angelo,20,19.50
809,7,Uncle Bob's Organic Dried Pears,40,30.00
809,55,Pâté chinois,35,24.00
809,60,Camembert Pierrot,50,34.00
810,70,Outback Lager,3,15.00
811,21,Sir Rodney's Scones,3,10.00
811,60,Camembert Pierrot,21,34.00
811,61,Sirop d'érable,4,28.50
812,13,Konbu,30,6.00
812,17,Alice Mutton,12,39.00
812,60,Camembert Pierrot,35,34.00
813,60,Camembert Pierrot,4,34.00
813,77,Original Frankfurter grüne Soße,10,13.00
814,60,Camembert Pierrot,15,34.00
815,53,Perth Pasties,10,32.80
815,70,Outback Lager,12,15.00
816,34,Sasquatch Ale,30,14.00
816,40,Boston Crab Meat,40,18.40
816,41,Jack's New England Clam Chowder,30,9.65
817,17,Alice Mutton,77,39.00
817,41,Jack's New England Clam Chowder,12,9.65
817,53,Perth Pasties,25,32.80
817,55,Pâté chinois,4,24.00
817,68,Scottish Longbreads,55,12.50
818,30,Nord-Ost Matjeshering,4,25.89
818,54,Tourtière,20,7.45
819,16,Pavlova,3,17.45
819,19,Teatime Chocolate Biscuits,42,9.20
819,34,Sasquatch Ale,35,14.00
820,41,Jack's New England Clam Chowder,9,9.65
821,28,Rössle Sauerkraut,8,45.60
821,43,Ipoh Coffee,36,46.00
821,77,Original Frankfurter grüne Soße,28,13.00
822,39,Chartreuse verte,20,18.00
823,1,Chai,40,18.00
823,2,Chang,20,19.00
823,16,Pavlova,30,17.45
823,31,Gorgonzola Telino,20,12.50
824,7,Uncle Bob's Organic Dried Pears,15,30.00
824,13,Konbu,10,6.00
825,2,Chang,8,19.00
825,41,Jack's New England Clam Chowder,40,9.65
825,50,Valkoinen suklaa,22,16.25
825,64,Wimmers gute Semmelknödel,130,33.25
826,11,Queso Cabrales,10,21.00
826,24,Guaraná Fantástica,20,4.50
827,16,Pavlova,14,17.45
828,2,Chang,10,19.00
828,46,Spegesild,30,12.00
828,76,Lakkalikööri,2,18.00
829,6,Grandma's Boysenberry Spread,20,25.00
829,14,Tofu,20,23.25
829,19,Teatime Chocolate Biscuits,10,9.20
830,2,Chang,24,19.00
830,3,Aniseed Syrup,4,10.00
830,4,Chef Anton's Cajun Seasoning,1,22.00
830,6,Grandma's Boysenberry Spread,1,25.00
830,7,Uncle Bob's Organic Dried Pears,1,30.00
830,8,Northwoods Cranberry Sauce,2,40.00
830,10,Ikura,1,31.00
830,12,Queso Manchego La Pastora,2,38.00
830,13,Konbu,4,6.00
830,14,Tofu,1,23.25
830,16,Pavlova,2,17.45
830,20,Sir Rodney's Marmalade,1,81.00
830,23,Tunnbröd,2,9.00
830,32,Mascarpone Fabioli,1,32.00
830,39,Chartreuse verte,2,18.00
830,41,Jack's New England Clam Chowder,3,9.65
830,46,Spegesild,3,12.00
830,52,Filo Mix,2,7.00
830,55,Pâté chinois,2,24.00
830,60,Camembert Pierrot,2,34.00
830,64,Wimmers gute Semmelknödel,2,33.25
830,66,Louisiana Hot Spiced Okra,1,17.00
830,73,Röd Kaviar,2,15.00
830,75,Rhönbräu Klosterbier,4,7.75
830,77,Original Frankfurter grüne Soße,2,13.00
